frame_index,time_s,projected,closure_value_before,closure_value_after,normalized_projection_distance,original_arpha2_deg,original_arpha3_deg,original_theta1_deg,projected_arpha2_deg,projected_arpha3_deg,projected_theta1_deg,solution_count,selected_solution,selected_api_m1,selected_api_m2,selected_api_m3
0,0,1,-1.004523004,-0.999000000,0.040314362,-1.513947620,-6.962459705,-0.916723861,2.075726077,-0.396299422,-0.858142201,2,1,496.7110,491.3130,248.6579
1,0.063,1,-1.022972139,-0.999000000,0.069399597,-2.566862085,-16.052661870,-2.113600480,0.977001208,-1.039603941,-1.951257803,2,1,500.2791,495.9112,251.3490
2,0.125,1,-1.044264275,-0.999000000,0.091163273,-3.428512903,-22.320000000,-2.938800000,0.911479844,-2.320787931,-2.731854026,2,1,501.5255,496.1854,256.7086
3,0.188,1,-1.046453048,-0.999000000,0.095836194,-3.918600000,-22.680000000,-2.986200000,0.812298382,-1.827353440,-2.723994519,2,1,502.2737,496.6005,254.6444
4,0.25,1,-1.044983844,-0.999000000,0.094460385,-3.856400000,-22.320000000,-2.938800000,0.815867656,-1.774689947,-2.680544983,2,1,502.1748,496.5856,254.4241
5,0.313,1,-1.046453048,-0.999000000,0.095836194,-3.918600000,-22.680000000,-2.986200000,0.812298382,-1.827353440,-2.723994519,2,1,502.2737,496.6005,254.6444
6,0.375,1,-1.044983844,-0.999000000,0.094460385,-3.856400000,-22.320000000,-2.938800000,0.815867656,-1.774689947,-2.680544983,2,1,502.1748,496.5856,254.4241
7,0.438,1,-1.046453048,-0.999000000,0.095836194,-3.918600000,-22.680000000,-2.986200000,0.812298382,-1.827353440,-2.723994519,2,1,502.2737,496.6005,254.6444
8,0.5,1,-1.044983844,-0.999000000,0.094460385,-3.856400000,-22.320000000,-2.938800000,0.815867656,-1.774689947,-2.680544983,2,1,502.1748,496.5856,254.4241
9,0.563,1,-1.046453048,-0.999000000,0.095836194,-3.918600000,-22.680000000,-2.986200000,0.812298382,-1.827353440,-2.723994519,2,1,502.2737,496.6005,254.6444
10,0.625,1,-1.044983844,-0.999000000,0.094460385,-3.856400000,-22.320000000,-2.938800000,0.815867656,-1.774689947,-2.680544983,2,1,502.1748,496.5856,254.4241
11,0.688,1,-1.046453048,-0.999000000,0.095836194,-3.918600000,-22.680000000,-2.986200000,0.812298382,-1.827353440,-2.723994519,2,1,502.2737,496.6005,254.6444
12,0.75,1,-1.044983844,-0.999000000,0.094460385,-3.856400000,-22.320000000,-2.938800000,0.815867656,-1.774689947,-2.680544983,2,1,502.1748,496.5856,254.4241
13,0.813,1,-1.046453048,-0.999000000,0.095836194,-3.918600000,-22.680000000,-2.986200000,0.812298382,-1.827353440,-2.723994519,2,1,502.2737,496.6005,254.6444
14,0.875,1,-1.044983844,-0.999000000,0.094460385,-3.856400000,-22.320000000,-2.938800000,0.815867656,-1.774689947,-2.680544983,2,1,502.1748,496.5856,254.4241
15,0.938,1,-1.046453048,-0.999000000,0.095836194,-3.918600000,-22.680000000,-2.986200000,0.812298382,-1.827353440,-2.723994519,2,1,502.2737,496.6005,254.6444
16,1,1,-1.044983844,-0.999000000,0.094460385,-3.856400000,-22.320000000,-2.938800000,0.815867656,-1.774689947,-2.680544983,2,1,502.1748,496.5856,254.4241
17,1.063,1,-1.046453048,-0.999000000,0.095836194,-3.918600000,-22.680000000,-2.986200000,0.812298382,-1.827353440,-2.723994519,2,1,502.2737,496.6005,254.6444
18,1.125,1,-1.044983844,-0.999000000,0.094460385,-3.856400000,-22.320000000,-2.938800000,0.815867656,-1.774689947,-2.680544983,2,1,502.1748,496.5856,254.4241
19,1.188,1,-1.046453048,-0.999000000,0.095836194,-3.918600000,-22.680000000,-2.986200000,0.812298382,-1.827353440,-2.723994519,2,1,502.2737,496.6005,254.6444
20,1.25,1,-1.044983844,-0.999000000,0.094460385,-3.856400000,-22.320000000,-2.938800000,0.815867656,-1.774689947,-2.680544983,2,1,502.1748,496.5856,254.4241
21,1.329,1,-1.072785284,-0.999000000,0.116525501,-4.706581404,-28.440000000,-3.744600000,0.841958948,-2.899497398,-3.444260040,2,2,503.5980,496.4764,259.1296
22,1.391,1,-1.044983844,-0.999000000,0.094460385,-3.856400000,-22.320000000,-2.938800000,0.815867656,-1.774689947,-2.680544983,2,1,502.1748,496.5856,254.4241
23,1.454,1,-1.028941717,-0.999000000,0.076503841,-3.918600000,-16.987959360,-2.986200000,0.726695029,-1.258425302,-2.717534760,2,2,503.1474,496.9588,252.2644
24,1.516,1,-1.018709088,-0.999000000,0.064999744,-3.856400000,-12.888369800,-2.689156359,0.746199122,-0.434416201,-2.393020966,2,2,503.0906,496.8771,248.8173
25,1.579,1,-1.012458240,-0.999000000,0.057384887,-3.850745914,-9.657477558,-2.407819923,0.855344067,0.161320948,-2.061756604,2,2,502.6440,496.4204,246.3251
26,1.641,1,-1.008382757,-0.999000000,0.049851049,-3.574900687,-7.192664663,-2.164741246,0.976897445,0.252751625,-1.810397660,2,1,501.7342,495.9117,245.9427
27,1.704,1,-1.006042405,-0.999000000,0.044959100,-3.431561665,-5.362921973,-1.963263254,1.107937694,-0.019273237,-1.588470059,2,1,500.3725,495.3633,247.0806
28,1.766,1,-1.004725281,-0.999000000,0.042021902,-3.298816863,-4.126837053,-1.821795925,1.219671563,-0.271906694,-1.451109448,2,2,499.3962,494.8956,248.1375
29,1.829,1,-1.004696281,-0.999000000,0.041415518,-3.000485313,-4.770514903,-1.726732025,1.265680711,-0.095245039,-1.391413650,2,1,499.4254,494.7031,247.3984
30,1.891,1,-1.007073730,-0.999000000,0.046614144,-2.862506826,-7.317957955,-1.812032366,1.149290246,0.316763453,-1.543094806,2,1,500.7141,495.1902,245.6749
31,1.954,1,-1.011315140,-0.999000000,0.053045703,-2.817946959,-10.255201960,-2.002872928,0.987170209,-0.132086679,-1.785179238,2,1,501.0192,495.8687,247.5526
32,2.016,1,-1.022430473,-0.999000000,0.069433202,-3.375061176,-15.119772090,-2.494801210,0.820789920,-0.817750902,-2.254721373,2,2,501.9035,496.5650,250.4209
33,2.079,1,-1.039608473,-0.999000000,0.088756862,-3.918600000,-20.645003640,-2.986200000,0.780085835,-1.637156511,-2.722024556,2,2,502.5666,496.7353,253.8488
34,2.141,1,-1.044983844,-0.999000000,0.094460385,-3.856400000,-22.320000000,-2.938800000,0.815867656,-1.774689947,-2.680544983,2,1,502.1748,496.5856,254.4241
35,2.204,1,-1.046453048,-0.999000000,0.095836194,-3.918600000,-22.680000000,-2.986200000,0.812298382,-1.827353440,-2.723994519,2,1,502.2737,496.6005,254.6444
36,2.266,1,-1.044983844,-0.999000000,0.094460385,-3.856400000,-22.320000000,-2.938800000,0.815867656,-1.774689947,-2.680544983,2,1,502.1748,496.5856,254.4241
37,2.329,1,-1.046453048,-0.999000000,0.095836194,-3.918600000,-22.680000000,-2.986200000,0.812298382,-1.827353440,-2.723994519,2,1,502.2737,496.6005,254.6444
38,2.391,1,-1.044983844,-0.999000000,0.094460385,-3.856400000,-22.320000000,-2.938800000,0.815867656,-1.774689947,-2.680544983,2,1,502.1748,496.5856,254.4241
39,2.454,1,-1.046453048,-0.999000000,0.095836194,-3.918600000,-22.680000000,-2.986200000,0.812298382,-1.827353440,-2.723994519,2,1,502.2737,496.6005,254.6444
40,2.532,1,-1.026848514,-0.999000000,0.080215588,-4.851600000,-15.650854710,-2.877592244,0.721232981,-0.219389661,-2.449477856,2,1,503.6678,496.9816,247.9178
41,2.579,1,-1.014379555,-0.999000000,0.056969264,-2.923400000,-11.767199560,-2.227800000,0.887243008,-0.488681310,-2.020109477,2,2,501.4402,496.2869,249.0443
42,2.641,1,-1.009002936,-0.999000000,0.051202034,-3.856400000,-7.155448557,-2.308852236,0.917524137,0.194648878,-1.923741340,2,1,502.1177,496.1601,246.1857
43,2.704,1,-1.005196867,-0.999000000,0.045720274,-3.918600000,-3.156853668,-1.990770155,1.159666578,-0.257382019,-1.525302653,2,2,499.7305,495.1468,248.0767
44,2.782,1,-1.004360171,-0.999000000,0.066036792,-4.851600000,0.309485875,-1.580921326,2.496996133,-0.460961469,-0.716433855,2,2,496.0137,489.5500,248.9284
45,2.829,1,-1.002346865,-0.999000000,0.040971159,-2.923400000,1.065711018,-1.360693130,1.833717088,0.357238532,-0.969186313,2,1,498.3700,492.3259,245.5056
46,2.891,1,-1.002418642,-0.999000000,0.058653692,-3.856400000,1.786587620,-0.992217349,-2.127250967,0.369447630,0.836054955,2,2,503.3392,508.9026,245.4545
47,2.954,1,-1.001758339,-0.999000000,0.038903585,-3.918600000,2.168277836,-0.627466897,-3.109380361,-0.212798148,0.568141994,2,2,503.5424,513.0128,247.8902
48,3.032,1,-1.000480840,-0.999000000,0.015204612,-4.851600000,2.137592149,-0.046841447,-4.889516654,0.110548461,0.360638253,2,1,504.9267,520.4627,246.5375
49,3.094,1,-1.000092778,-0.999000000,0.013140178,-3.856400000,2.017720957,0.100766737,-4.061335863,0.115183824,0.434051775,2,2,504.6251,516.9968,246.5181
50,3.157,1,-0.999953653,-0.999000000,0.011460016,-3.918600000,1.828403572,0.136493318,-4.115450947,0.196777540,0.429192291,2,2,504.7748,517.2233,246.1768
51,3.219,1,-0.999910864,-0.999000000,0.011215797,-3.856400000,1.723371709,0.145114198,-4.060216166,0.162164642,0.434606313,2,1,504.6972,516.9921,246.3216
52,3.282,1,-1.000038648,-0.999000000,0.016798097,-2.101772312,1.701014740,0.154186737,-2.889601488,0.176402462,0.610650426,2,2,503.9799,512.0930,246.2620
53,3.344,1,-1.000404633,-0.999000000,0.031618712,0.359834589,2.197102868,0.161061831,-2.609238864,-0.587622344,0.692530199,2,2,502.4267,510.9197,249.4582
54,3.407,1,-1.001072107,-0.999000000,0.018920903,5.354233059,2.722612157,0.164974560,5.284144882,0.112917706,-0.333786556,2,1,507.8319,477.8857,246.5276
55,3.469,1,-1.001525537,-0.999000000,0.014399847,8.751401146,3.027813863,0.165411782,8.673908019,1.160377965,-0.224737024,2,2,509.0277,463.6995,242.1458
56,3.532,1,-1.001811707,-0.999000000,0.012965470,10.896406530,3.246270269,0.162471192,10.832251951,1.691748772,-0.199405368,2,1,509.7583,454.6668,239.9229
57,3.594,1,-1.001906489,-0.999000000,0.012876972,11.259200000,3.439656325,0.156543707,11.200358338,1.863668432,-0.200369615,2,2,510.0333,453.1263,239.2037
58,3.657,1,-1.002067553,-0.999000000,0.013150516,11.440800000,3.783964298,0.149367362,11.387020796,2.081967662,-0.207438995,2,2,510.4073,452.3451,238.2904
59,3.719,1,-1.002525084,-0.999000000,0.014630495,11.259200000,4.589839342,0.141948318,11.210611169,2.436069610,-0.230110339,2,2,511.0614,453.0833,236.8091
60,3.782,1,-1.002634195,-0.999000000,0.013949912,11.440800000,5.414643926,0.058236392,11.431043508,3.167385546,-0.274597573,2,2,512.4004,452.1608,233.7498
61,3.844,1,-1.001572351,-0.999000000,0.009056147,11.259200000,6.099753092,-0.203251583,11.313293394,4.519141328,-0.402569836,2,1,515.0643,452.6536,228.0949
62,3.907,0,-0.998911498,-0.998911498,0.000000000,11.440800000,6.520759469,-0.674957559,11.440800000,6.520759469,-0.674957559,2,2,519.6145,452.1200,219.7215
63,3.969,0,-0.995369432,-0.995369432,0.000000000,11.259200000,5.994572835,-1.162727902,11.259200000,5.994572835,-1.162727902,2,2,527.7173,452.8800,221.9227
64,4.032,0,-0.988464940,-0.988464940,0.000000000,15.503402510,5.043559829,-1.549314980,15.503402510,5.043559829,-1.549314980,2,1,535.4408,435.1179,225.9011
65,4.094,0,-0.978299931,-0.978299931,0.000000000,17.502265360,1.487867669,-2.232621831,17.502265360,1.487867669,-2.232621831,2,1,540.2969,426.7526,240.7758
66,4.157,0,-0.968092233,-0.968092233,0.000000000,19.937939810,-10.645641580,-3.651085887,19.937939810,-10.645641580,-3.651085887,2,2,532.6495,416.5593,291.5343
67,4.219,0,-0.968531572,-0.968531572,0.000000000,22.903187220,-17.780742700,-4.380014361,22.903187220,-17.780742700,-4.380014361,2,2,523.7595,404.1497,321.3828
68,4.282,0,-0.961764800,-0.961764800,0.000000000,26.391043010,-18.140742700,-4.366050703,26.391043010,-18.140742700,-4.366050703,2,1,526.1823,389.5529,322.8888
69,4.344,0,-0.961600452,-0.961600452,0.000000000,28.761465360,-17.780742700,-3.980709591,28.761465360,-17.780742700,-3.980709591,2,2,525.0598,379.6326,321.3828
70,4.391,0,-0.967726659,-0.967726659,0.000000000,26.037465360,-12.380742700,-3.073634493,26.037465360,-12.380742700,-3.073634493,2,1,527.3097,391.0326,298.7928
71,4.454,0,-0.972071104,-0.972071104,0.000000000,28.943065360,-8.206423889,-2.097613562,28.943065360,-8.206423889,-2.097613562,2,2,527.5806,378.8726,281.3302
72,4.516,0,-0.979286812,-0.979286812,0.000000000,28.761465360,-2.473103799,-1.351344584,28.761465360,-2.473103799,-1.351344584,2,1,529.4069,379.6326,257.3458
73,4.579,0,-0.984503381,-0.984503381,0.000000000,40.202265360,0.818260493,-0.739445971,40.202265360,0.818260493,-0.739445971,2,1,528.2202,331.7526,243.5769
74,4.641,0,-0.996875938,-0.996875938,0.000000000,47.485345420,2.467934614,-0.149667347,47.485345420,2.467934614,-0.149667347,2,2,515.3874,301.2728,236.6758
75,4.704,1,-1.007064260,-0.999000000,0.009607505,51.643065360,4.450592391,0.216877788,51.630117110,4.002722249,-0.087465069,2,2,512.8200,283.9268,230.2553
76,4.766,1,-1.016730617,-0.999000000,0.020924767,51.461465360,6.242975949,0.538849543,51.392781582,4.895565729,-0.111772811,2,2,514.2959,284.9201,226.5202
77,4.829,1,-1.025201329,-0.999000000,0.030609300,51.643065360,7.536330336,0.815277833,51.495994198,5.205099786,-0.121049603,2,2,514.8084,284.4881,225.2253
78,4.891,1,-1.025436713,-0.999000000,0.030763409,51.461465360,8.134260493,0.798077833,51.317528601,5.622824189,-0.135036067,2,2,515.5059,285.2350,223.4779
79,4.954,1,-1.026076868,-0.999000000,0.031407113,51.643065360,8.252260493,0.815277833,51.494263140,5.661786372,-0.136030930,2,2,515.5687,284.4954,223.3149
80,5.016,1,-1.025436713,-0.999000000,0.030763409,51.461465360,8.134260493,0.798077833,51.317528601,5.622824189,-0.135036067,2,2,515.5059,285.2350,223.4779
81,5.079,1,-1.026076868,-0.999000000,0.031407113,51.643065360,8.252260493,0.815277833,51.494263140,5.661786372,-0.136030930,2,2,515.5687,284.4954,223.3149
82,5.141,1,-1.024970472,-0.999000000,0.030885479,49.839741880,8.134260493,0.798077833,49.687333584,5.562762662,-0.136160131,2,2,515.4266,292.0574,223.7291
83,5.204,1,-1.024607867,-0.999000000,0.031807047,46.787153220,8.252260493,0.815277833,46.610969013,5.463170182,-0.139302909,2,2,515.3012,304.9321,224.1457
84,5.266,1,-1.016401591,-0.999000000,0.023347638,42.958006890,6.552347352,0.589868376,42.847691952,4.775184272,-0.124393875,2,2,514.1957,320.6815,227.0238
85,5.329,0,-0.987845323,-0.987845323,0.000000000,38.460272610,1.372795798,-0.607109115,38.460272610,1.372795798,-0.607109115,2,2,525.9314,339.0429,241.2571
86,5.391,0,-0.960306067,-0.960306067,0.000000000,34.173123250,-12.607138900,-2.828891527,34.173123250,-12.607138900,-2.828891527,2,1,528.9699,356.9847,299.7399
87,5.454,0,-0.972849957,-0.972849957,0.000000000,27.019472610,-18.491809430,-3.593309115,27.019472610,-18.491809430,-3.593309115,2,2,516.7237,386.9229,324.3574
88,5.532,0,-0.985789950,-0.985789950,0.000000000,24.295472610,-23.891809430,-4.304309115,24.295472610,-23.891809430,-4.304309115,2,1,502.5672,398.3229,346.9474
89,5.594,0,-0.972221397,-0.972221397,0.000000000,27.201072610,-18.131809430,-3.545909115,27.201072610,-18.131809430,-3.545909115,2,2,517.4519,386.1629,322.8514
90,5.657,0,-0.972849957,-0.972849957,0.000000000,27.019472610,-18.491809430,-3.593309115,27.019472610,-18.491809430,-3.593309115,2,2,516.7237,386.9229,324.3574
91,5.719,0,-0.972221397,-0.972221397,0.000000000,27.201072610,-18.131809430,-3.545909115,27.201072610,-18.131809430,-3.545909115,2,2,517.4519,386.1629,322.8514
92,5.782,0,-0.972849957,-0.972849957,0.000000000,27.019472610,-18.491809430,-3.593309115,27.019472610,-18.491809430,-3.593309115,2,2,516.7237,386.9229,324.3574
93,5.844,0,-0.972221397,-0.972221397,0.000000000,27.201072610,-18.131809430,-3.545909115,27.201072610,-18.131809430,-3.545909115,2,2,517.4519,386.1629,322.8514
94,5.907,0,-0.972849957,-0.972849957,0.000000000,27.019472610,-18.491809430,-3.593309115,27.019472610,-18.491809430,-3.593309115,2,2,516.7237,386.9229,324.3574
95,5.969,0,-0.972221397,-0.972221397,0.000000000,27.201072610,-18.131809430,-3.545909115,27.201072610,-18.131809430,-3.545909115,2,2,517.4519,386.1629,322.8514
96,6.032,0,-0.972849957,-0.972849957,0.000000000,27.019472610,-18.491809430,-3.593309115,27.019472610,-18.491809430,-3.593309115,2,2,516.7237,386.9229,324.3574
97,6.094,0,-0.972221397,-0.972221397,0.000000000,27.201072610,-18.131809430,-3.545909115,27.201072610,-18.131809430,-3.545909115,2,2,517.4519,386.1629,322.8514
98,6.157,0,-0.968641838,-0.968641838,0.000000000,27.019472610,-16.934817320,-3.593309115,27.019472610,-16.934817320,-3.593309115,2,2,521.5273,386.9229,317.8440
99,6.219,0,-0.956691946,-0.956691946,0.000000000,27.201072610,-11.180158660,-3.545909115,27.201072610,-11.180158660,-3.545909115,2,1,536.3225,386.1629,293.7703
100,6.282,0,-0.948659565,-0.948659565,0.000000000,27.019472610,-4.932786869,-3.593309115,27.019472610,-4.932786869,-3.593309115,2,1,549.9267,386.9229,267.6355
101,6.344,0,-0.948465080,-0.948465080,0.000000000,27.201072610,0.752581297,-3.462893977,27.201072610,0.752581297,-3.462893977,2,2,558.5038,386.1629,243.8517
102,6.407,0,-0.959047673,-0.959047673,0.000000000,27.019472610,2.904039764,-2.810101888,27.019472610,2.904039764,-2.810101888,2,1,554.7691,386.9229,234.8514
103,6.469,0,-0.983288587,-0.983288587,0.000000000,15.760272610,4.964585997,-2.102678617,15.760272610,4.964585997,-2.102678617,2,2,541.8267,434.0429,226.2315
104,6.532,0,-0.990654737,-0.990654737,0.000000000,15.578672610,7.168766554,-1.519501913,15.578672610,7.168766554,-1.519501913,2,1,536.5610,434.8029,217.0107
105,6.594,0,-0.998997754,-0.998997754,0.000000000,15.760272610,9.616840788,-0.917205337,15.760272610,9.616840788,-0.917205337,2,1,525.1530,434.0429,206.7695
106,6.657,1,-1.008794801,-0.999000000,0.023912748,15.578672610,10.338039760,0.063900581,15.581011640,5.865853934,-0.417008772,2,2,517.2204,434.7931,222.4612
107,6.719,1,-1.008461670,-0.999000000,0.022997447,15.760272610,10.220039760,0.046700581,15.767475221,5.947358046,-0.420567988,2,2,517.3618,434.0128,222.1202
108,6.782,1,-1.008810387,-0.999000000,0.023557592,16.023812310,10.338039760,0.063900581,16.024888901,5.971392700,-0.416435594,2,1,517.3809,432.9355,222.0197
109,6.844,1,-1.008655689,-0.999000000,0.018250814,23.512591400,10.220039760,0.046700581,23.508140343,7.340060436,-0.396039716,2,2,519.3841,401.6179,216.2941
110,6.907,1,-1.009320897,-0.999000000,0.015997130,31.392557470,10.338039760,0.063900581,31.384108948,8.168750370,-0.361577664,2,2,520.4610,368.6568,212.8274
111,6.969,1,-1.008991705,-0.999000000,0.013527770,38.278672610,10.220039760,0.046700581,38.274024548,8.607916536,-0.332050804,2,1,520.9510,339.8224,210.9902
112,7.032,1,-1.009531617,-0.999000000,0.014190629,38.460272610,10.338039760,0.063900581,38.453405039,8.637728926,-0.332690182,2,1,520.9973,339.0717,210.8655
113,7.094,1,-1.008991705,-0.999000000,0.013527770,38.278672610,10.220039760,0.046700581,38.274024548,8.607916536,-0.332050804,2,1,520.9510,339.8224,210.9902
114,7.157,1,-1.009531617,-0.999000000,0.014190629,38.460272610,10.338039760,0.063900581,38.453405039,8.637728926,-0.332690182,2,1,520.9973,339.0717,210.8655
115,7.219,1,-1.008991705,-0.999000000,0.013527770,38.278672610,10.220039760,0.046700581,38.274024548,8.607916536,-0.332050804,2,1,520.9510,339.8224,210.9902
116,7.282,1,-1.009531617,-0.999000000,0.014190629,38.460272610,10.338039760,0.063900581,38.453405039,8.637728926,-0.332690182,2,1,520.9973,339.0717,210.8655
117,7.344,1,-1.008991705,-0.999000000,0.013527770,38.278672610,10.220039760,0.046700581,38.274024548,8.607916536,-0.332050804,2,1,520.9510,339.8224,210.9902
118,7.407,1,-1.009531617,-0.999000000,0.014190629,38.460272610,10.338039760,0.063900581,38.453405039,8.637728926,-0.332690182,2,1,520.9973,339.0717,210.8655
119,7.469,1,-1.008991705,-0.999000000,0.013527770,38.278672610,10.220039760,0.046700581,38.274024548,8.607916536,-0.332050804,2,1,520.9510,339.8224,210.9902
120,7.532,1,-1.009531617,-0.999000000,0.014190629,38.460272610,10.338039760,0.063900581,38.453405039,8.637728926,-0.332690182,2,1,520.9973,339.0717,210.8655
121,7.594,1,-1.008991705,-0.999000000,0.013527770,38.278672610,10.220039760,0.046700581,38.274024548,8.607916536,-0.332050804,2,1,520.9510,339.8224,210.9902
122,7.657,1,-1.009531617,-0.999000000,0.014190629,38.460272610,10.338039760,0.063900581,38.453405039,8.637728926,-0.332690182,2,1,520.9973,339.0717,210.8655
123,7.719,1,-1.008991705,-0.999000000,0.013527770,38.278672610,10.220039760,0.046700581,38.274024548,8.607916536,-0.332050804,2,1,520.9510,339.8224,210.9902
124,7.782,1,-1.009531617,-0.999000000,0.014190629,38.460272610,10.338039760,0.063900581,38.453405039,8.637728926,-0.332690182,2,1,520.9973,339.0717,210.8655
125,7.844,1,-1.008991705,-0.999000000,0.013527770,38.278672610,10.220039760,0.046700581,38.274024548,8.607916536,-0.332050804,2,1,520.9510,339.8224,210.9902
126,7.907,1,-1.009531617,-0.999000000,0.014190629,38.460272610,10.338039760,0.063900581,38.453405039,8.637728926,-0.332690182,2,1,520.9973,339.0717,210.8655
127,7.969,1,-1.008923447,-0.999000000,0.014268690,35.077698340,10.220039760,0.046700581,35.072604792,8.424569399,-0.345125432,2,2,520.7538,353.2204,211.7572
128,8.032,1,-1.009137210,-0.999000000,0.018043582,25.645001300,10.338039760,0.063900581,25.636099754,7.598237856,-0.386161704,2,1,519.7280,392.7124,215.2140
129,8.094,1,-1.008461670,-0.999000000,0.022997447,15.760272610,10.220039760,0.046700581,15.767475221,5.947358046,-0.420567988,2,2,517.3618,434.0128,222.1202
130,8.157,1,-1.002946369,-0.999000000,0.011914604,15.578672610,5.567604410,0.063900581,15.565511147,3.913394402,-0.249327192,2,2,513.4585,434.8580,230.6290
131,8.219,0,-0.969803951,-0.969803951,0.000000000,15.760272610,-13.460217670,-4.977218270,15.760272610,-13.460217670,-4.977218270,2,1,532.9701,434.0429,303.3086
132,8.282,1,-1.081531374,-0.999000000,0.068517285,4.319472607,-36.140217670,-7.963418270,7.769787114,-21.268112125,-8.112673432,2,2,506.6129,467.4833,335.9716
133,8.344,1,-1.078794167,-0.999000000,0.066606303,4.501072607,-35.780217670,-7.916018270,7.856158505,-21.326866488,-8.066592817,2,1,506.3245,467.1218,336.2174
134,8.407,1,-1.081531374,-0.999000000,0.068517285,4.319472607,-36.140217670,-7.963418270,7.769787114,-21.268112125,-8.112673432,2,2,506.6129,467.4833,335.9716
135,8.469,1,-1.078794167,-0.999000000,0.066606303,4.501072607,-35.780217670,-7.916018270,7.856158505,-21.326866488,-8.066592817,2,1,506.3245,467.1218,336.2174
136,8.532,1,-1.081531374,-0.999000000,0.068517285,4.319472607,-36.140217670,-7.963418270,7.769787114,-21.268112125,-8.112673432,2,2,506.6129,467.4833,335.9716
137,8.594,1,-1.078794167,-0.999000000,0.066606303,4.501072607,-35.780217670,-7.916018270,7.856158505,-21.326866488,-8.066592817,2,1,506.3245,467.1218,336.2174
138,8.657,1,-1.082830790,-0.999000000,0.071263379,4.319472607,-36.140217670,-7.442902421,7.742005490,-20.530359960,-7.602322326,2,1,505.6316,467.5995,332.8853
139,8.719,1,-1.060858890,-0.999000000,0.059067902,4.501072607,-31.730384490,-6.617866988,7.334972048,-18.799922288,-6.767619077,2,2,504.8634,469.3030,325.6463
140,8.782,1,-1.028290451,-0.999000000,0.034791556,4.319472607,-23.532663350,-5.862418239,6.186098456,-16.104219221,-5.964155340,2,1,505.7665,474.1110,314.3693
141,8.844,1,-1.008139857,-0.999000000,0.013548867,4.501072607,-16.683004880,-5.194295577,5.337781644,-13.917164568,-5.245719802,2,2,506.2179,477.6613,305.2201
142,8.907,0,-0.995698582,-0.995698582,0.000000000,4.319472607,-9.628258884,-4.661790164,4.319472607,-9.628258884,-4.661790164,2,2,517.2454,481.9229,287.2782
143,8.969,0,-0.989832876,-0.989832876,0.000000000,4.501072607,-2.919708717,-4.237652366,4.501072607,-2.919708717,-4.237652366,2,1,533.0060,481.1629,259.2141
144,9.032,0,-0.990977597,-0.990977597,0.000000000,4.319472607,1.385710763,-3.740859093,4.319472607,1.385710763,-3.740859093,2,2,536.6004,481.9229,241.2031
145,9.094,0,-0.992612965,-0.992612965,0.000000000,4.501072607,2.904039764,-3.145356603,4.501072607,2.904039764,-3.145356603,2,2,534.7306,481.1629,234.8514
146,9.157,0,-0.994307118,-0.994307118,0.000000000,4.319472607,3.022039764,-2.608051442,4.319472607,3.022039764,-2.608051442,2,2,530.6059,481.9229,234.3578
147,9.219,0,-0.995154094,-0.995154094,0.000000000,4.501072607,2.904039764,-2.150341588,4.501072607,2.904039764,-2.150341588,2,2,527.3518,481.1629,234.8514
148,9.282,0,-0.995819828,-0.995819828,0.000000000,4.319472607,3.022039764,-1.991018270,4.319472607,3.022039764,-1.991018270,2,1,525.8961,481.9229,234.3578
149,9.344,0,-0.995440029,-0.995440029,0.000000000,4.501072607,2.904039764,-2.038418270,4.501072607,2.904039764,-2.038418270,2,1,526.4726,481.1629,234.8514
150,9.407,0,-0.995819828,-0.995819828,0.000000000,4.319472607,3.022039764,-1.991018270,4.319472607,3.022039764,-1.991018270,2,1,525.8961,481.9229,234.3578
151,9.469,0,-0.994821747,-0.994821747,0.000000000,5.036524220,2.904039764,-2.038418270,5.036524220,2.904039764,-2.038418270,2,2,527.3402,478.9220,234.8514
152,9.532,0,-0.985814284,-0.985814284,0.000000000,13.272380870,3.022039764,-1.991018270,13.272380870,3.022039764,-1.991018270,2,2,536.4077,444.4548,234.3578
153,9.594,0,-0.975997236,-0.975997236,0.000000000,21.789864110,2.904039764,-2.038418270,21.789864110,2.904039764,-2.038418270,2,1,543.0297,408.8089,234.8514
154,9.657,0,-0.971046838,-0.971046838,0.000000000,27.201072610,3.022039764,-1.991018270,27.201072610,3.022039764,-1.991018270,2,2,545.6645,386.1629,234.3578
155,9.719,0,-0.970474682,-0.970474682,0.000000000,27.019472610,2.904039764,-2.038418270,27.019472610,2.904039764,-2.038418270,2,1,545.9914,386.9229,234.8514
156,9.782,0,-0.971046838,-0.971046838,0.000000000,27.201072610,3.022039764,-1.991018270,27.201072610,3.022039764,-1.991018270,2,2,545.6645,386.1629,234.3578
157,9.844,0,-0.970474682,-0.970474682,0.000000000,27.019472610,2.904039764,-2.038418270,27.019472610,2.904039764,-2.038418270,2,1,545.9914,386.9229,234.8514
158,9.907,0,-0.971046838,-0.971046838,0.000000000,27.201072610,3.022039764,-1.991018270,27.201072610,3.022039764,-1.991018270,2,2,545.6645,386.1629,234.3578
159,9.969,0,-0.970474682,-0.970474682,0.000000000,27.019472610,2.904039764,-2.038418270,27.019472610,2.904039764,-2.038418270,2,1,545.9914,386.9229,234.8514
160,10.032,0,-0.971046838,-0.971046838,0.000000000,27.201072610,3.022039764,-1.991018270,27.201072610,3.022039764,-1.991018270,2,2,545.6645,386.1629,234.3578
161,10.094,0,-0.970474682,-0.970474682,0.000000000,27.019472610,2.904039764,-2.038418270,27.019472610,2.904039764,-2.038418270,2,1,545.9914,386.9229,234.8514
162,10.157,0,-0.971046838,-0.971046838,0.000000000,27.201072610,3.022039764,-1.991018270,27.201072610,3.022039764,-1.991018270,2,2,545.6645,386.1629,234.3578
163,10.219,0,-0.970474682,-0.970474682,0.000000000,27.019472610,2.904039764,-2.038418270,27.019472610,2.904039764,-2.038418270,2,1,545.9914,386.9229,234.8514
164,10.282,0,-0.971046838,-0.971046838,0.000000000,27.201072610,3.022039764,-1.991018270,27.201072610,3.022039764,-1.991018270,2,2,545.6645,386.1629,234.3578
165,10.344,0,-0.970474682,-0.970474682,0.000000000,27.019472610,2.904039764,-2.038418270,27.019472610,2.904039764,-2.038418270,2,1,545.9914,386.9229,234.8514
166,10.407,0,-0.971046838,-0.971046838,0.000000000,27.201072610,3.022039764,-1.991018270,27.201072610,3.022039764,-1.991018270,2,2,545.6645,386.1629,234.3578
167,10.469,0,-0.970474682,-0.970474682,0.000000000,27.019472610,2.904039764,-2.038418270,27.019472610,2.904039764,-2.038418270,2,1,545.9914,386.9229,234.8514
168,10.532,0,-0.971046838,-0.971046838,0.000000000,27.201072610,3.022039764,-1.991018270,27.201072610,3.022039764,-1.991018270,2,2,545.6645,386.1629,234.3578
169,10.594,0,-0.970474682,-0.970474682,0.000000000,27.019472610,2.904039764,-2.038418270,27.019472610,2.904039764,-2.038418270,2,1,545.9914,386.9229,234.8514
170,10.657,0,-0.971046838,-0.971046838,0.000000000,27.201072610,3.022039764,-1.991018270,27.201072610,3.022039764,-1.991018270,2,2,545.6645,386.1629,234.3578
171,10.719,0,-0.970474682,-0.970474682,0.000000000,27.019472610,2.904039764,-2.038418270,27.019472610,2.904039764,-2.038418270,2,1,545.9914,386.9229,234.8514
172,10.782,0,-0.978335312,-0.978335312,0.000000000,20.171959520,3.022039764,-1.991018270,20.171959520,3.022039764,-1.991018270,2,2,541.6087,415.5799,234.3578
173,10.844,0,-0.993391028,-0.993391028,0.000000000,6.277285884,2.904039764,-2.038418270,6.277285884,2.904039764,-2.038418270,2,2,529.1620,473.7294,234.8514
174,10.907,0,-0.995819828,-0.995819828,0.000000000,4.319472607,3.022039764,-1.991018270,4.319472607,3.022039764,-1.991018270,2,1,525.8961,481.9229,234.3578
175,10.969,0,-0.995440029,-0.995440029,0.000000000,4.501072607,2.904039764,-2.038418270,4.501072607,2.904039764,-2.038418270,2,1,526.4726,481.1629,234.8514
176,11.032,0,-0.995819828,-0.995819828,0.000000000,4.319472607,3.022039764,-1.991018270,4.319472607,3.022039764,-1.991018270,2,1,525.8961,481.9229,234.3578
177,11.094,0,-0.995440029,-0.995440029,0.000000000,4.501072607,2.904039764,-2.038418270,4.501072607,2.904039764,-2.038418270,2,1,526.4726,481.1629,234.8514
178,11.157,0,-0.995819828,-0.995819828,0.000000000,4.319472607,3.022039764,-1.991018270,4.319472607,3.022039764,-1.991018270,2,1,525.8961,481.9229,234.3578
179,11.219,0,-0.995071598,-0.995071598,0.000000000,4.501072607,2.904039764,-2.182633875,4.501072607,2.904039764,-2.182633875,2,2,527.6032,481.1629,234.8514
180,11.282,0,-0.994902664,-0.994902664,0.000000000,4.319472607,3.022039764,-2.365101727,4.319472607,3.022039764,-2.365101727,2,1,528.7904,481.9229,234.3578
181,11.344,0,-0.994510142,-0.994510142,0.000000000,4.501072607,2.904039764,-2.402427916,4.501072607,2.904039764,-2.402427916,2,1,529.2894,481.1629,234.8514
182,11.407,0,-0.995581502,-0.995581502,0.000000000,4.319472607,3.022039764,-2.088217046,4.319472607,3.022039764,-2.088217046,2,2,526.6612,481.9229,234.3578
183,11.469,0,-0.995440029,-0.995440029,0.000000000,4.501072607,2.904039764,-2.038418270,4.501072607,2.904039764,-2.038418270,2,1,526.4726,481.1629,234.8514
184,11.532,0,-0.995819828,-0.995819828,0.000000000,4.319472607,3.022039764,-1.991018270,4.319472607,3.022039764,-1.991018270,2,1,525.8961,481.9229,234.3578
185,11.594,0,-0.994304825,-0.994304825,0.000000000,5.484520437,2.904039764,-2.038418270,5.484520437,2.904039764,-2.038418270,2,2,528.0254,477.0472,234.8514
186,11.657,0,-0.988506695,-0.988506695,0.000000000,10.840584240,3.022039764,-1.991018270,10.840584240,3.022039764,-1.991018270,2,2,534.1482,454.6319,234.3578
187,11.719,0,-0.981916083,-0.981916083,0.000000000,16.386883500,2.904039764,-2.038418270,16.386883500,2.904039764,-2.038418270,2,2,539.3041,431.4205,234.8514
188,11.782,0,-0.976774694,-0.976774694,0.000000000,21.646781900,3.022039764,-1.991018270,21.646781900,3.022039764,-1.991018270,2,1,542.5470,409.4077,234.3578
189,11.86,0,-0.981788405,-0.981788405,0.000000000,28.617394050,4.792039764,-1.280018270,28.617394050,4.792039764,-1.280018270,2,2,538.8926,380.2356,226.9533
190,11.922,0,-0.970474682,-0.970474682,0.000000000,27.019472610,2.904039764,-2.038418270,27.019472610,2.904039764,-2.038418270,2,1,545.9914,386.9229,234.8514
191,11.969,0,-0.963244027,-0.963244027,0.000000000,24.295472610,1.134039764,-2.749418270,24.295472610,1.134039764,-2.749418270,2,2,549.9290,398.3229,242.2559
192,12.047,0,-0.980957414,-0.980957414,0.000000000,29.925072610,4.792039764,-1.280018270,29.925072610,4.792039764,-1.280018270,2,1,539.4276,374.7629,226.9533
193,12.11,0,-0.971046838,-0.971046838,0.000000000,27.201072610,3.022039764,-1.991018270,27.201072610,3.022039764,-1.991018270,2,2,545.6645,386.1629,234.3578
194,12.172,0,-0.970474682,-0.970474682,0.000000000,27.019472610,2.904039764,-2.038418270,27.019472610,2.904039764,-2.038418270,2,1,545.9914,386.9229,234.8514
195,12.235,0,-0.971046838,-0.971046838,0.000000000,27.201072610,3.022039764,-1.991018270,27.201072610,3.022039764,-1.991018270,2,2,545.6645,386.1629,234.3578
196,12.297,0,-0.970474682,-0.970474682,0.000000000,27.019472610,2.904039764,-2.038418270,27.019472610,2.904039764,-2.038418270,2,1,545.9914,386.9229,234.8514
197,12.36,0,-0.971046838,-0.971046838,0.000000000,27.201072610,3.022039764,-1.991018270,27.201072610,3.022039764,-1.991018270,2,2,545.6645,386.1629,234.3578
198,12.422,0,-0.970474682,-0.970474682,0.000000000,27.019472610,2.904039764,-2.038418270,27.019472610,2.904039764,-2.038418270,2,1,545.9914,386.9229,234.8514
199,12.485,0,-0.971046838,-0.971046838,0.000000000,27.201072610,3.022039764,-1.991018270,27.201072610,3.022039764,-1.991018270,2,2,545.6645,386.1629,234.3578
200,12.547,0,-0.970474682,-0.970474682,0.000000000,27.019472610,2.904039764,-2.038418270,27.019472610,2.904039764,-2.038418270,2,1,545.9914,386.9229,234.8514
201,12.61,0,-0.971046838,-0.971046838,0.000000000,27.201072610,3.022039764,-1.991018270,27.201072610,3.022039764,-1.991018270,2,2,545.6645,386.1629,234.3578
202,12.672,0,-0.970474682,-0.970474682,0.000000000,27.019472610,2.904039764,-2.038418270,27.019472610,2.904039764,-2.038418270,2,1,545.9914,386.9229,234.8514
203,12.735,0,-0.971046838,-0.971046838,0.000000000,27.201072610,3.022039764,-1.991018270,27.201072610,3.022039764,-1.991018270,2,2,545.6645,386.1629,234.3578
204,12.797,0,-0.970474682,-0.970474682,0.000000000,27.019472610,2.904039764,-2.038418270,27.019472610,2.904039764,-2.038418270,2,1,545.9914,386.9229,234.8514
205,12.86,0,-0.971046838,-0.971046838,0.000000000,27.201072610,3.022039764,-1.991018270,27.201072610,3.022039764,-1.991018270,2,2,545.6645,386.1629,234.3578
206,12.922,0,-0.970474682,-0.970474682,0.000000000,27.019472610,2.904039764,-2.038418270,27.019472610,2.904039764,-2.038418270,2,1,545.9914,386.9229,234.8514
207,12.985,0,-0.971895484,-0.971895484,0.000000000,26.362200970,3.022039764,-1.991018270,26.362200970,3.022039764,-1.991018270,2,1,545.2320,389.6736,234.3578
208,13.047,0,-0.981017059,-0.981017059,0.000000000,17.196786550,2.904039764,-2.038418270,17.196786550,2.904039764,-2.038418270,2,2,539.9143,428.0311,234.8514
209,13.11,0,-0.985004889,-0.985004889,0.000000000,14.007938850,3.022039764,-1.991018270,14.007938850,3.022039764,-1.991018270,2,2,537.0389,441.3765,234.3578
210,13.172,0,-0.987249984,-0.987249984,0.000000000,11.643405220,2.904039764,-2.038418270,11.643405220,2.904039764,-2.038418270,2,1,535.2538,451.2721,234.8514
211,13.235,0,-0.989584918,-0.989584918,0.000000000,9.872408125,3.022039764,-1.991018270,9.872408125,3.022039764,-1.991018270,2,1,533.1616,458.6838,234.3578
212,13.297,0,-0.990805071,-0.990805071,0.000000000,8.527625045,2.904039764,-2.038418270,8.527625045,2.904039764,-2.038418270,2,2,531.9913,464.3117,234.8514
213,13.36,0,-0.992368231,-0.992368231,0.000000000,7.385341444,3.022039764,-1.991018270,7.385341444,3.022039764,-1.991018270,2,2,530.3261,469.0922,234.3578
214,13.422,0,-0.993010928,-0.993010928,0.000000000,6.607379045,2.904039764,-2.038418270,6.607379045,2.904039764,-2.038418270,2,1,529.6105,472.3480,234.8514
215,13.485,0,-0.993815780,-0.993815780,0.000000000,6.097545553,3.022039764,-1.991018270,6.097545553,3.022039764,-1.991018270,2,1,528.6306,474.4816,234.3578
216,13.547,0,-0.993951490,-0.993951490,0.000000000,5.790927081,2.904039764,-2.038418270,5.790927081,2.904039764,-2.038418270,2,1,528.4754,475.7648,234.8514
217,13.61,0,-0.994409461,-0.994409461,0.000000000,5.570287820,3.022039764,-1.991018270,5.570287820,3.022039764,-1.991018270,2,1,527.8756,476.6882,234.3578
218,13.672,0,-0.993821994,-0.993821994,0.000000000,5.903264116,2.904039764,-2.038418270,5.903264116,2.904039764,-2.038418270,2,2,528.6369,475.2947,234.8514
219,13.735,0,-0.992820665,-0.992820665,0.000000000,6.982475102,3.022039764,-1.991018270,6.982475102,3.022039764,-1.991018270,2,2,529.8158,470.7782,234.3578
220,13.797,0,-0.991434962,-0.991434962,0.000000000,7.978423542,2.904039764,-2.038418270,7.978423542,2.904039764,-2.038418270,2,2,531.3456,466.6101,234.8514
221,13.86,0,-0.989705208,-0.989705208,0.000000000,9.764573854,3.022039764,-1.991018270,9.764573854,3.022039764,-1.991018270,2,1,533.0482,459.1350,234.3578
222,13.922,0,-0.986825713,-0.986825713,0.000000000,12.017365580,2.904039764,-2.038418270,12.017365580,2.904039764,-2.038418270,2,2,535.6078,449.7071,234.8514
223,13.985,0,-0.983822669,-0.983822669,0.000000000,15.086543470,3.022039764,-1.991018270,15.086543470,3.022039764,-1.991018270,2,2,537.9265,436.8625,234.3578
224,14.047,0,-0.979722481,-0.979722481,0.000000000,18.369270250,2.904039764,-2.038418270,18.369270250,2.904039764,-2.038418270,2,2,540.7630,423.1242,234.8514
225,14.11,0,-0.975816747,-0.975816747,0.000000000,22.559447100,3.022039764,-1.991018270,22.559447100,3.022039764,-1.991018270,2,2,543.1027,405.5882,234.3578
226,14.172,0,-0.971231690,-0.971231690,0.000000000,26.289404850,2.904039764,-2.038418270,26.289404850,2.904039764,-2.038418270,2,1,545.6102,389.9783,234.8514
227,14.25,0,-0.980957414,-0.980957414,0.000000000,29.925072610,4.792039764,-1.280018270,29.925072610,4.792039764,-1.280018270,2,1,539.4276,374.7629,226.9533
228,14.313,0,-0.971046838,-0.971046838,0.000000000,27.201072610,3.022039764,-1.991018270,27.201072610,3.022039764,-1.991018270,2,2,545.6645,386.1629,234.3578
229,14.375,0,-0.970474682,-0.970474682,0.000000000,27.019472610,2.904039764,-2.038418270,27.019472610,2.904039764,-2.038418270,2,1,545.9914,386.9229,234.8514
230,14.438,0,-0.971046838,-0.971046838,0.000000000,27.201072610,3.022039764,-1.991018270,27.201072610,3.022039764,-1.991018270,2,2,545.6645,386.1629,234.3578
231,14.5,0,-0.970474682,-0.970474682,0.000000000,27.019472610,2.904039764,-2.038418270,27.019472610,2.904039764,-2.038418270,2,1,545.9914,386.9229,234.8514
232,14.563,0,-0.971046838,-0.971046838,0.000000000,27.201072610,3.022039764,-1.991018270,27.201072610,3.022039764,-1.991018270,2,2,545.6645,386.1629,234.3578
233,14.625,0,-0.970474682,-0.970474682,0.000000000,27.019472610,2.904039764,-2.038418270,27.019472610,2.904039764,-2.038418270,2,1,545.9914,386.9229,234.8514
234,14.688,0,-0.971046838,-0.971046838,0.000000000,27.201072610,3.022039764,-1.991018270,27.201072610,3.022039764,-1.991018270,2,2,545.6645,386.1629,234.3578
235,14.75,0,-0.970474682,-0.970474682,0.000000000,27.019472610,2.904039764,-2.038418270,27.019472610,2.904039764,-2.038418270,2,1,545.9914,386.9229,234.8514
236,14.813,0,-0.982548794,-0.982548794,0.000000000,16.254868550,3.022039764,-1.991018270,16.254868550,3.022039764,-1.991018270,2,1,538.8415,431.9730,234.3578
237,14.875,0,-0.995440029,-0.995440029,0.000000000,4.501072607,2.904039764,-2.038418270,4.501072607,2.904039764,-2.038418270,2,1,526.4726,481.1629,234.8514
238,14.938,0,-0.995819828,-0.995819828,0.000000000,4.319472607,3.022039764,-1.991018270,4.319472607,3.022039764,-1.991018270,2,1,525.8961,481.9229,234.3578
239,15,0,-0.995440029,-0.995440029,0.000000000,4.501072607,2.904039764,-2.038418270,4.501072607,2.904039764,-2.038418270,2,1,526.4726,481.1629,234.8514
240,15.063,0,-0.995819828,-0.995819828,0.000000000,4.319472607,3.022039764,-1.991018270,4.319472607,3.022039764,-1.991018270,2,1,525.8961,481.9229,234.3578
241,15.125,0,-0.995440029,-0.995440029,0.000000000,4.501072607,2.904039764,-2.038418270,4.501072607,2.904039764,-2.038418270,2,1,526.4726,481.1629,234.8514
242,15.188,0,-0.995819828,-0.995819828,0.000000000,4.319472607,3.022039764,-1.991018270,4.319472607,3.022039764,-1.991018270,2,1,525.8961,481.9229,234.3578
243,15.25,0,-0.995440029,-0.995440029,0.000000000,4.501072607,2.904039764,-2.038418270,4.501072607,2.904039764,-2.038418270,2,1,526.4726,481.1629,234.8514
244,15.313,0,-0.995819828,-0.995819828,0.000000000,4.319472607,3.022039764,-1.991018270,4.319472607,3.022039764,-1.991018270,2,1,525.8961,481.9229,234.3578
245,15.375,0,-0.995440029,-0.995440029,0.000000000,4.501072607,2.904039764,-2.038418270,4.501072607,2.904039764,-2.038418270,2,1,526.4726,481.1629,234.8514
246,15.438,0,-0.995819828,-0.995819828,0.000000000,4.319472607,3.022039764,-1.991018270,4.319472607,3.022039764,-1.991018270,2,1,525.8961,481.9229,234.3578
247,15.5,0,-0.995440029,-0.995440029,0.000000000,4.501072607,2.904039764,-2.038418270,4.501072607,2.904039764,-2.038418270,2,1,526.4726,481.1629,234.8514
248,15.579,1,-1.000865821,-0.999000000,0.011303750,1.413872607,4.910039764,-1.232618270,2.050204454,2.548687513,-1.287700115,2,2,515.6907,491.4198,236.3380
249,15.641,0,-0.995440029,-0.995440029,0.000000000,4.501072607,2.904039764,-2.038418270,4.501072607,2.904039764,-2.038418270,2,1,526.4726,481.1629,234.8514
250,15.704,0,-0.995819828,-0.995819828,0.000000000,4.319472607,3.022039764,-1.991018270,4.319472607,3.022039764,-1.991018270,2,1,525.8961,481.9229,234.3578
251,15.766,0,-0.995440029,-0.995440029,0.000000000,4.501072607,2.904039764,-2.038418270,4.501072607,2.904039764,-2.038418270,2,1,526.4726,481.1629,234.8514
252,15.829,0,-0.995819828,-0.995819828,0.000000000,4.319472607,3.022039764,-1.991018270,4.319472607,3.022039764,-1.991018270,2,1,525.8961,481.9229,234.3578
253,15.891,0,-0.995440029,-0.995440029,0.000000000,4.501072607,2.904039764,-2.038418270,4.501072607,2.904039764,-2.038418270,2,1,526.4726,481.1629,234.8514
254,15.954,0,-0.995819828,-0.995819828,0.000000000,4.319472607,3.022039764,-1.991018270,4.319472607,3.022039764,-1.991018270,2,1,525.8961,481.9229,234.3578
255,16.016,0,-0.995440029,-0.995440029,0.000000000,4.501072607,2.904039764,-2.038418270,4.501072607,2.904039764,-2.038418270,2,1,526.4726,481.1629,234.8514
256,16.079,0,-0.995819828,-0.995819828,0.000000000,4.319472607,3.022039764,-1.991018270,4.319472607,3.022039764,-1.991018270,2,1,525.8961,481.9229,234.3578
257,16.141,0,-0.995440029,-0.995440029,0.000000000,4.501072607,2.904039764,-2.038418270,4.501072607,2.904039764,-2.038418270,2,1,526.4726,481.1629,234.8514
258,16.204,0,-0.995819828,-0.995819828,0.000000000,4.319472607,3.022039764,-1.991018270,4.319472607,3.022039764,-1.991018270,2,1,525.8961,481.9229,234.3578
259,16.266,0,-0.995440029,-0.995440029,0.000000000,4.501072607,2.904039764,-2.038418270,4.501072607,2.904039764,-2.038418270,2,1,526.4726,481.1629,234.8514
260,16.329,0,-0.995819828,-0.995819828,0.000000000,4.319472607,3.022039764,-1.991018270,4.319472607,3.022039764,-1.991018270,2,1,525.8961,481.9229,234.3578
261,16.391,0,-0.995440029,-0.995440029,0.000000000,4.501072607,2.904039764,-2.038418270,4.501072607,2.904039764,-2.038418270,2,1,526.4726,481.1629,234.8514
262,16.454,0,-0.995819828,-0.995819828,0.000000000,4.319472607,3.022039764,-1.991018270,4.319472607,3.022039764,-1.991018270,2,1,525.8961,481.9229,234.3578
263,16.516,0,-0.995440029,-0.995440029,0.000000000,4.501072607,2.904039764,-2.038418270,4.501072607,2.904039764,-2.038418270,2,1,526.4726,481.1629,234.8514
264,16.579,0,-0.995819828,-0.995819828,0.000000000,4.319472607,3.022039764,-1.991018270,4.319472607,3.022039764,-1.991018270,2,1,525.8961,481.9229,234.3578
265,16.641,0,-0.995440029,-0.995440029,0.000000000,4.501072607,2.904039764,-2.038418270,4.501072607,2.904039764,-2.038418270,2,1,526.4726,481.1629,234.8514
266,16.704,0,-0.995819828,-0.995819828,0.000000000,4.319472607,3.022039764,-1.991018270,4.319472607,3.022039764,-1.991018270,2,1,525.8961,481.9229,234.3578
267,16.766,0,-0.995440029,-0.995440029,0.000000000,4.501072607,2.904039764,-2.038418270,4.501072607,2.904039764,-2.038418270,2,1,526.4726,481.1629,234.8514
268,16.829,0,-0.995819828,-0.995819828,0.000000000,4.319472607,3.022039764,-1.991018270,4.319472607,3.022039764,-1.991018270,2,1,525.8961,481.9229,234.3578
269,16.891,0,-0.995440029,-0.995440029,0.000000000,4.501072607,2.904039764,-2.038418270,4.501072607,2.904039764,-2.038418270,2,1,526.4726,481.1629,234.8514
270,16.954,0,-0.995819828,-0.995819828,0.000000000,4.319472607,3.022039764,-1.991018270,4.319472607,3.022039764,-1.991018270,2,1,525.8961,481.9229,234.3578
271,17.016,0,-0.995440029,-0.995440029,0.000000000,4.501072607,2.904039764,-2.038418270,4.501072607,2.904039764,-2.038418270,2,1,526.4726,481.1629,234.8514
272,17.079,0,-0.995819828,-0.995819828,0.000000000,4.319472607,3.022039764,-1.991018270,4.319472607,3.022039764,-1.991018270,2,1,525.8961,481.9229,234.3578
273,17.141,0,-0.995014422,-0.995014422,0.000000000,4.501072607,1.702684943,-2.038418270,4.501072607,1.702684943,-2.038418270,2,1,525.1800,481.1629,239.8771
274,17.204,0,-0.996700113,-0.996700113,0.000000000,4.319472607,-6.348874077,-2.609847245,4.319472607,-6.348874077,-2.609847245,2,2,512.2336,481.9229,273.5595
275,17.266,1,-1.008130944,-0.999000000,0.017152145,4.501072607,-14.672766420,-3.301973558,5.329183002,-10.956294394,-3.382665437,2,2,503.0824,477.6973,292.8338
276,17.329,1,-1.021221951,-0.999000000,0.034243257,4.319472607,-19.799005300,-3.660617769,5.781843078,-12.191821685,-3.788135085,2,2,502.8236,475.8029,298.0025
277,17.391,1,-1.036424369,-0.999000000,0.048713457,4.501072607,-24.630717000,-4.056894327,6.435899910,-13.689409784,-4.219383974,2,2,502.2556,473.0656,304.2674
278,17.454,1,-1.051897667,-0.999000000,0.061665040,4.319472607,-28.476227260,-4.375323355,6.680625910,-14.548973428,-4.557038423,2,2,502.3095,472.0414,307.8632
279,17.516,1,-1.050264639,-0.999000000,0.060811996,4.501072607,-28.095006250,-4.182623285,6.766168952,-14.326444316,-4.371021370,2,2,501.8794,471.6834,306.9323
280,17.579,1,-1.044966057,-0.999000000,0.058008269,4.319472607,-26.559847440,-3.869644837,6.444340490,-13.406119372,-4.052625952,2,1,502.0038,473.0303,303.0823
281,17.657,1,-1.049406439,-0.999000000,0.069607873,1.595472607,-26.127804060,-3.709373300,4.260122857,-10.355834274,-3.823788322,2,1,505.8929,482.1713,290.3219
282,17.719,1,-1.040893716,-0.999000000,0.055360367,4.501072607,-25.451125960,-3.558987841,6.454293479,-12.863120159,-3.747202970,2,2,501.5812,472.9886,300.8107
283,17.782,1,-1.037952668,-0.999000000,0.053739774,4.319472607,-24.483013070,-3.383515722,6.200494916,-12.254886368,-3.566593121,2,2,501.7893,474.0508,298.2663
284,17.844,1,-1.018649498,-0.999000000,0.032653751,4.501072607,-18.628749900,-3.162776310,5.798313237,-11.318884360,-3.298141865,2,1,502.1491,475.7339,294.3507
285,17.907,1,-1.008293210,-0.999000000,0.018391993,4.319472607,-14.272024120,-3.011237297,5.166227636,-10.253247415,-3.098334339,2,1,503.0038,478.3792,289.8928
286,17.969,1,-1.016027504,-0.999000000,0.029006082,4.501072607,-17.737717430,-3.209819998,5.705211259,-11.283596943,-3.332912330,2,1,502.3518,476.1236,294.2030
287,18.032,1,-1.032845885,-0.999000000,0.046823476,4.319472607,-23.346965200,-3.746505697,6.142840214,-12.808001302,-3.905514471,2,2,502.3368,474.2921,300.5801
288,18.094,1,-1.047869528,-0.999000000,0.058919230,4.501072607,-27.516101550,-4.142341708,6.710141856,-14.187059342,-4.327246036,2,2,501.9170,471.9179,306.3492
289,18.157,1,-1.046493380,-0.999000000,0.058992660,4.319472607,-26.976359190,-3.951362557,6.491517686,-13.604463694,-4.134972233,2,1,502.0349,472.8329,303.9120
290,18.219,1,-1.041790690,-0.999000000,0.055508023,4.501072607,-25.769775580,-3.701550275,6.500850426,-13.170601614,-3.887143792,2,1,501.6813,472.7938,302.0970
291,18.282,1,-1.038619597,-0.999000000,0.053848267,4.319472607,-24.729260400,-3.493317707,6.236654822,-12.493756940,-3.674304534,2,2,501.8627,473.8995,299.2655
292,18.344,1,-1.034750910,-0.999000000,0.050547407,4.501072607,-23.659989100,-3.298506426,6.269620332,-12.166158829,-3.480581950,2,2,501.5680,473.7615,297.8951
293,18.407,1,-1.038884240,-0.999000000,0.054591791,4.319472607,-24.736644490,-3.397952795,6.223384291,-12.309580027,-3.582738427,2,1,501.7702,473.9550,298.4951
294,18.469,1,-1.035897489,-0.999000000,0.051912017,4.501072607,-23.945199610,-3.261654326,6.288106210,-12.123355722,-3.447992277,2,1,501.4988,473.6841,297.7160
295,18.532,1,-1.035383006,-0.999000000,0.052063738,4.319472607,-23.672734090,-3.200644552,6.107555759,-11.810693343,-3.383752100,2,2,501.7263,474.4397,296.4081
296,18.594,1,-1.033455263,-0.999000000,0.050114301,4.501072607,-23.172655730,-3.115737702,6.204840579,-11.752493912,-3.300915801,2,2,501.4698,474.0326,296.1646
297,18.657,1,-1.043771179,-0.999000000,0.058895023,4.319472607,-26.027939570,-3.476752495,6.339772486,-12.596601203,-3.669804488,2,2,501.6798,473.4679,299.6958
298,18.719,1,-1.046296425,-0.999000000,0.060385003,4.501072607,-26.788749240,-3.565601745,6.563824376,-13.014129292,-3.765450817,2,2,501.4174,472.5303,301.4424
299,18.782,1,-1.053645854,-0.999000000,0.066106770,4.319472607,-28.540868670,-3.787428129,6.592847434,-13.457230277,-3.989773929,2,2,501.6571,472.4088,303.2961
300,18.844,1,-1.050261954,-0.999000000,0.063327743,4.501072607,-27.796066160,-3.682635709,6.663554621,-13.345324905,-3.886625981,2,1,501.4003,472.1129,302.8279
301,18.907,1,-1.050328040,-0.999000000,0.063865617,4.319472607,-27.712829520,-3.666407605,6.505769822,-13.138161418,-3.866453103,2,1,501.6457,472.7732,301.9613
