frame_index,time_s,input_arpha2_deg,input_arpha3_deg,input_theta1_deg,palm_flexion_normalized,thumb_inward_normalized,palm_cross_normalized,solve_success,solution_count,selected_m1,selected_m2,selected_m3,solution_1_m1,solution_1_m2,solution_1_m3,solution_2_m1,solution_2_m2,solution_2_m3
0,0,-1.51394762,-6.962459705,-0.916723861,-0.048679988,-0.038680332,-0.038680332,0,0,,,,,,,,,
1,0.063,-2.566862085,-16.05266187,-2.11360048,-0.082535758,-0.089181455,-0.089181455,0,0,,,,,,,,,
2,0.125,-3.428512903,-22.32,-2.9388,-0.110241572,-0.124,-0.124,0,0,,,,,,,,,
3,0.188,-3.9186,-22.68,-2.9862,-0.126,-0.126,-0.126,0,0,,,,,,,,,
4,0.25,-3.8564,-22.32,-2.9388,-0.124,-0.124,-0.124,0,0,,,,,,,,,
5,0.313,-3.9186,-22.68,-2.9862,-0.126,-0.126,-0.126,0,0,,,,,,,,,
6,0.375,-3.8564,-22.32,-2.9388,-0.124,-0.124,-0.124,0,0,,,,,,,,,
7,0.438,-3.9186,-22.68,-2.9862,-0.126,-0.126,-0.126,0,0,,,,,,,,,
8,0.5,-3.8564,-22.32,-2.9388,-0.124,-0.124,-0.124,0,0,,,,,,,,,
9,0.563,-3.9186,-22.68,-2.9862,-0.126,-0.126,-0.126,0,0,,,,,,,,,
10,0.625,-3.8564,-22.32,-2.9388,-0.124,-0.124,-0.124,0,0,,,,,,,,,
11,0.688,-3.9186,-22.68,-2.9862,-0.126,-0.126,-0.126,0,0,,,,,,,,,
12,0.75,-3.8564,-22.32,-2.9388,-0.124,-0.124,-0.124,0,0,,,,,,,,,
13,0.813,-3.9186,-22.68,-2.9862,-0.126,-0.126,-0.126,0,0,,,,,,,,,
14,0.875,-3.8564,-22.32,-2.9388,-0.124,-0.124,-0.124,0,0,,,,,,,,,
15,0.938,-3.9186,-22.68,-2.9862,-0.126,-0.126,-0.126,0,0,,,,,,,,,
16,1,-3.8564,-22.32,-2.9388,-0.124,-0.124,-0.124,0,0,,,,,,,,,
17,1.063,-3.9186,-22.68,-2.9862,-0.126,-0.126,-0.126,0,0,,,,,,,,,
18,1.125,-3.8564,-22.32,-2.9388,-0.124,-0.124,-0.124,0,0,,,,,,,,,
19,1.188,-3.9186,-22.68,-2.9862,-0.126,-0.126,-0.126,0,0,,,,,,,,,
20,1.25,-3.8564,-22.32,-2.9388,-0.124,-0.124,-0.124,0,0,,,,,,,,,
21,1.329,-4.706581404,-28.44,-3.7446,-0.151337023,-0.158,-0.158,0,0,,,,,,,,,
22,1.391,-3.8564,-22.32,-2.9388,-0.124,-0.124,-0.124,0,0,,,,,,,,,
23,1.454,-3.9186,-16.98795936,-2.9862,-0.126,-0.094377552,-0.126,0,0,,,,,,,,,
24,1.516,-3.8564,-12.8883698,-2.689156359,-0.124,-0.071602054,-0.113466513,0,0,,,,,,,,,
25,1.579,-3.850745914,-9.657477558,-2.407819923,-0.123818197,-0.053652653,-0.101595777,0,0,,,,,,,,,
26,1.641,-3.574900687,-7.192664663,-2.164741246,-0.114948575,-0.039959248,-0.091339293,0,0,,,,,,,,,
27,1.704,-3.431561665,-5.362921973,-1.963263254,-0.110339603,-0.029794011,-0.082838112,0,0,,,,,,,,,
28,1.766,-3.298816863,-4.126837053,-1.821795925,-0.106071282,-0.022926873,-0.076869026,0,0,,,,,,,,,
29,1.829,-3.000485313,-4.770514903,-1.726732025,-0.096478627,-0.026502861,-0.072857891,0,0,,,,,,,,,
30,1.891,-2.862506826,-7.317957955,-1.812032366,-0.09204202,-0.040655322,-0.076457062,0,0,,,,,,,,,
31,1.954,-2.817946959,-10.25520196,-2.002872928,-0.090609227,-0.056973344,-0.084509406,0,0,,,,,,,,,
32,2.016,-3.375061176,-15.11977209,-2.49480121,-0.108522867,-0.083998734,-0.105265874,0,0,,,,,,,,,
33,2.079,-3.9186,-20.64500364,-2.9862,-0.126,-0.114694465,-0.126,0,0,,,,,,,,,
34,2.141,-3.8564,-22.32,-2.9388,-0.124,-0.124,-0.124,0,0,,,,,,,,,
35,2.204,-3.9186,-22.68,-2.9862,-0.126,-0.126,-0.126,0,0,,,,,,,,,
36,2.266,-3.8564,-22.32,-2.9388,-0.124,-0.124,-0.124,0,0,,,,,,,,,
37,2.329,-3.9186,-22.68,-2.9862,-0.126,-0.126,-0.126,0,0,,,,,,,,,
38,2.391,-3.8564,-22.32,-2.9388,-0.124,-0.124,-0.124,0,0,,,,,,,,,
39,2.454,-3.9186,-22.68,-2.9862,-0.126,-0.126,-0.126,0,0,,,,,,,,,
40,2.532,-4.8516,-15.65085471,-2.877592244,-0.156,-0.086949193,-0.121417394,0,0,,,,,,,,,
41,2.579,-2.9234,-11.76719956,-2.2278,-0.094,-0.065373331,-0.094,0,0,,,,,,,,,
42,2.641,-3.8564,-7.155448557,-2.308852236,-0.124,-0.039752492,-0.097419926,0,0,,,,,,,,,
43,2.704,-3.9186,-3.156853668,-1.990770155,-0.126,-0.017538076,-0.083998741,0,0,,,,,,,,,
44,2.782,-4.8516,0.309485875,-1.580921326,-0.156,0.005245523,-0.066705541,0,0,,,,,,,,,
45,2.829,-2.9234,1.065711018,-1.36069313,-0.094,0.018062899,-0.057413212,0,0,,,,,,,,,
46,2.891,-3.8564,1.78658762,-0.992217349,-0.124,0.030281146,-0.041865711,0,0,,,,,,,,,
47,2.954,-3.9186,2.168277836,-0.627466897,-0.126,0.036750472,-0.026475397,0,0,,,,,,,,,
48,3.032,-4.8516,2.137592149,-0.046841447,-0.156,0.036230375,-0.001976432,0,0,,,,,,,,,
49,3.094,-3.8564,2.017720957,0.100766737,-0.124,0.03419866,0.011717062,0,0,,,,,,,,,
50,3.157,-3.9186,1.828403572,0.136493318,-0.126,0.030989891,0.015871316,1,2,247,500,500,239.3512,516.3994,500.9753,239.3512,516.3994,503.6707
51,3.219,-3.8564,1.723371709,0.145114198,-0.124,0.02920969,0.016873744,1,2,247,500,500,239.7906,516.1391,500.2517,239.7906,516.1391,503.9897
52,3.282,-2.101772312,1.70101474,0.154186737,-0.067581103,0.028830758,0.01792869,0,0,,,,,,,,,
53,3.344,0.359834589,2.197102868,0.161061831,0.003962936,0.037239032,0.01872812,0,0,,,,,,,,,
54,3.407,5.354233059,2.722612157,0.16497456,0.058967324,0.046145969,0.019183088,0,0,,,,,,,,,
55,3.469,8.751401146,3.027813863,0.165411782,0.09638107,0.051318879,0.019233928,0,0,,,,,,,,,
56,3.532,10.89640653,3.246270269,0.162471192,0.120004477,0.05502153,0.018891999,0,0,,,,,,,,,
57,3.594,11.2592,3.439656325,0.156543707,0.124,0.05829926,0.018202757,0,0,,,,,,,,,
58,3.657,11.4408,3.783964298,0.149367362,0.126,0.064134988,0.017368298,0,0,,,,,,,,,
59,3.719,11.2592,4.589839342,0.141948318,0.124,0.077793887,0.016505618,0,0,,,,,,,,,
60,3.782,11.4408,5.414643926,0.058236392,0.126,0.091773626,0.006771673,0,0,,,,,,,,,
61,3.844,11.2592,6.099753092,-0.203251583,0.124,0.103385646,-0.008576016,0,0,,,,,,,,,
62,3.907,11.4408,6.520759469,-0.674957559,0.126,0.110521347,-0.028479222,1,2,247,500,500,219.7215,452.12,506.5587,219.7215,452.12,519.6145
63,3.969,11.2592,5.994572835,-1.162727902,0.124,0.101602929,-0.049060249,1,2,221.9227,452.88,500.8097,221.9227,452.88,527.7173,221.9227,452.88,500.8097
64,4.032,15.50340251,5.043559829,-1.54931498,0.170742318,0.085484065,-0.06537194,1,2,225.9011,435.1179,493.036,225.9011,435.1179,535.4408,225.9011,435.1179,493.036
65,4.094,17.50226536,1.487867669,-2.232621831,0.192756226,0.025218096,-0.094203453,1,2,240.7758,426.7526,482.2613,240.7758,426.7526,482.2613,240.7758,426.7526,540.2969
66,4.157,19.93793981,-10.64564158,-3.651085887,0.219580835,-0.059142453,-0.154054257,1,2,240.7758,426.7526,482.2613,291.5343,416.5593,532.6495,291.5343,416.5593,462.4886
67,4.219,22.90318722,-17.7807427,-4.380014361,0.252237745,-0.098781904,-0.184810733,1,2,240.7758,426.7526,482.2613,321.3828,404.1497,523.7595,321.3828,404.1497,454.1618
68,4.282,26.39104301,-18.1407427,-4.366050703,0.290650253,-0.100781904,-0.184221549,1,2,240.7758,426.7526,482.2613,322.8888,389.5529,449.5858,322.8888,389.5529,526.1823
69,4.344,28.76146536,-17.7807427,-3.980709591,0.316756226,-0.098781904,-0.16796243,1,2,240.7758,426.7526,482.2613,321.3828,379.6326,525.0598,321.3828,379.6326,448.296
70,4.391,26.03746536,-12.3807427,-3.073634493,0.286756226,-0.068781904,-0.129689219,1,2,240.7758,426.7526,482.2613,298.7928,391.0326,456.7712,298.7928,391.0326,527.3097
71,4.454,28.94306536,-8.206423889,-2.097613562,0.318756226,-0.045591244,-0.088506901,1,2,240.7758,426.7526,482.2613,281.3302,378.8726,527.5806,281.3302,378.8726,461.8617
72,4.516,28.76146536,-2.473103799,-1.351344584,0.316756226,-0.013739466,-0.057018759,1,2,257.3458,379.6326,472.695,257.3458,379.6326,529.4069,257.3458,379.6326,472.695
73,4.579,40.20226536,0.818260493,-0.739445971,0.442756226,0.013868822,-0.031200252,1,2,243.5769,331.7526,479.1065,243.5769,331.7526,528.2202,243.5769,331.7526,479.1065
74,4.641,47.48534542,2.467934614,-0.149667347,0.522966359,0.0418294,-0.006315078,1,2,243.5769,331.7526,479.1065,236.6758,301.2728,515.3874,236.6758,301.2728,493.2738
75,4.704,51.64306536,4.450592391,0.216877788,0.568756226,0.075433769,0.025218347,0,0,,,,,,,,,
76,4.766,51.46146536,6.242975949,0.538849543,0.566756226,0.105813152,0.062656924,0,0,,,,,,,,,
77,4.829,51.64306536,7.536330336,0.815277833,0.568756226,0.127734412,0.094799748,0,0,,,,,,,,,
78,4.891,51.46146536,8.134260493,0.798077833,0.566756226,0.137868822,0.092799748,0,0,,,,,,,,,
79,4.954,51.64306536,8.252260493,0.815277833,0.568756226,0.139868822,0.094799748,0,0,,,,,,,,,
80,5.016,51.46146536,8.134260493,0.798077833,0.566756226,0.137868822,0.092799748,0,0,,,,,,,,,
81,5.079,51.64306536,8.252260493,0.815277833,0.568756226,0.139868822,0.094799748,0,0,,,,,,,,,
82,5.141,49.83974188,8.134260493,0.798077833,0.548895836,0.137868822,0.092799748,0,0,,,,,,,,,
83,5.204,46.78715322,8.252260493,0.815277833,0.515277018,0.139868822,0.094799748,0,0,,,,,,,,,
84,5.266,42.95800689,6.552347352,0.589868376,0.473105803,0.111056735,0.068589346,0,0,,,,,,,,,
85,5.329,38.46027261,1.372795798,-0.607109115,0.423571284,0.023267725,-0.025616418,1,2,241.2571,339.0429,482.4017,241.2571,339.0429,525.9314,241.2571,339.0429,482.4017
86,5.391,34.17312325,-12.6071389,-2.828891527,0.376355983,-0.070039661,-0.119362512,1,2,241.2571,339.0429,482.4017,299.7399,356.9847,450.8738,299.7399,356.9847,528.9699
87,5.454,27.01947261,-18.49180943,-3.593309115,0.297571284,-0.102732275,-0.151616418,1,2,241.2571,339.0429,482.4017,324.3574,386.9229,452.0258,324.3574,386.9229,516.7237
88,5.532,24.29547261,-23.89180943,-4.304309115,0.267571284,-0.132732275,-0.181616418,1,2,241.2571,339.0429,482.4017,346.9474,398.3229,455.6915,346.9474,398.3229,502.5672
89,5.594,27.20107261,-18.13180943,-3.545909115,0.299571284,-0.100732275,-0.149616418,1,2,241.2571,339.0429,482.4017,322.8514,386.1629,517.4519,322.8514,386.1629,452.0133
90,5.657,27.01947261,-18.49180943,-3.593309115,0.297571284,-0.102732275,-0.151616418,1,2,241.2571,339.0429,482.4017,324.3574,386.9229,452.0258,324.3574,386.9229,516.7237
91,5.719,27.20107261,-18.13180943,-3.545909115,0.299571284,-0.100732275,-0.149616418,1,2,241.2571,339.0429,482.4017,322.8514,386.1629,517.4519,322.8514,386.1629,452.0133
92,5.782,27.01947261,-18.49180943,-3.593309115,0.297571284,-0.102732275,-0.151616418,1,2,241.2571,339.0429,482.4017,324.3574,386.9229,452.0258,324.3574,386.9229,516.7237
93,5.844,27.20107261,-18.13180943,-3.545909115,0.299571284,-0.100732275,-0.149616418,1,2,241.2571,339.0429,482.4017,322.8514,386.1629,517.4519,322.8514,386.1629,452.0133
94,5.907,27.01947261,-18.49180943,-3.593309115,0.297571284,-0.102732275,-0.151616418,1,2,241.2571,339.0429,482.4017,324.3574,386.9229,452.0258,324.3574,386.9229,516.7237
95,5.969,27.20107261,-18.13180943,-3.545909115,0.299571284,-0.100732275,-0.149616418,1,2,241.2571,339.0429,482.4017,322.8514,386.1629,517.4519,322.8514,386.1629,452.0133
96,6.032,27.01947261,-18.49180943,-3.593309115,0.297571284,-0.102732275,-0.151616418,1,2,241.2571,339.0429,482.4017,324.3574,386.9229,452.0258,324.3574,386.9229,516.7237
97,6.094,27.20107261,-18.13180943,-3.545909115,0.299571284,-0.100732275,-0.149616418,1,2,241.2571,339.0429,482.4017,322.8514,386.1629,517.4519,322.8514,386.1629,452.0133
98,6.157,27.01947261,-16.93481732,-3.593309115,0.297571284,-0.094082318,-0.151616418,1,2,241.2571,339.0429,482.4017,317.844,386.9229,452.038,317.844,386.9229,521.5273
99,6.219,27.20107261,-11.18015866,-3.545909115,0.299571284,-0.062111993,-0.149616418,1,2,241.2571,339.0429,482.4017,293.7703,386.1629,536.3225,293.7703,386.1629,454.7981
100,6.282,27.01947261,-4.932786869,-3.593309115,0.297571284,-0.027404371,-0.151616418,1,2,241.2571,339.0429,482.4017,267.6355,386.9229,461.2706,267.6355,386.9229,549.9267
101,6.344,27.20107261,0.752581297,-3.462893977,0.299571284,0.012755615,-0.14611367,1,2,241.2571,339.0429,482.4017,243.8517,386.1629,469.6713,243.8517,386.1629,558.5038
102,6.407,27.01947261,2.904039764,-2.810101888,0.297571284,0.049221013,-0.1185697,1,2,234.8514,386.9229,475.3944,234.8514,386.9229,554.7691,234.8514,386.9229,475.3944
103,6.469,15.76027261,4.964585997,-2.102678617,0.173571284,0.084145525,-0.088720617,1,2,234.8514,386.9229,475.3944,226.2315,434.0429,541.8267,226.2315,434.0429,490.8467
104,6.532,15.57867261,7.168766554,-1.519501913,0.171571284,0.121504518,-0.064114005,1,2,234.8514,386.9229,475.3944,217.0107,434.8029,536.561,217.0107,434.8029,498.3806
105,6.594,15.76027261,9.616840788,-0.917205337,0.173571284,0.162997301,-0.038700647,1,2,234.8514,386.9229,475.3944,206.7695,434.0429,512.6293,206.7695,434.0429,525.153
106,6.657,15.57867261,10.33803976,0.063900581,0.171571284,0.175221013,0.0074303,0,0,,,,,,,,,
107,6.719,15.76027261,10.22003976,0.046700581,0.173571284,0.173221013,0.0054303,0,0,,,,,,,,,
108,6.782,16.02381231,10.33803976,0.063900581,0.176473704,0.175221013,0.0074303,0,0,,,,,,,,,
109,6.844,23.5125914,10.22003976,0.046700581,0.258949245,0.173221013,0.0054303,0,0,,,,,,,,,
110,6.907,31.39255747,10.33803976,0.063900581,0.345733012,0.175221013,0.0074303,0,0,,,,,,,,,
111,6.969,38.27867261,10.22003976,0.046700581,0.421571284,0.173221013,0.0054303,0,0,,,,,,,,,
112,7.032,38.46027261,10.33803976,0.063900581,0.423571284,0.175221013,0.0074303,0,0,,,,,,,,,
113,7.094,38.27867261,10.22003976,0.046700581,0.421571284,0.173221013,0.0054303,0,0,,,,,,,,,
114,7.157,38.46027261,10.33803976,0.063900581,0.423571284,0.175221013,0.0074303,0,0,,,,,,,,,
115,7.219,38.27867261,10.22003976,0.046700581,0.421571284,0.173221013,0.0054303,0,0,,,,,,,,,
116,7.282,38.46027261,10.33803976,0.063900581,0.423571284,0.175221013,0.0074303,0,0,,,,,,,,,
117,7.344,38.27867261,10.22003976,0.046700581,0.421571284,0.173221013,0.0054303,0,0,,,,,,,,,
118,7.407,38.46027261,10.33803976,0.063900581,0.423571284,0.175221013,0.0074303,0,0,,,,,,,,,
119,7.469,38.27867261,10.22003976,0.046700581,0.421571284,0.173221013,0.0054303,0,0,,,,,,,,,
120,7.532,38.46027261,10.33803976,0.063900581,0.423571284,0.175221013,0.0074303,0,0,,,,,,,,,
121,7.594,38.27867261,10.22003976,0.046700581,0.421571284,0.173221013,0.0054303,0,0,,,,,,,,,
122,7.657,38.46027261,10.33803976,0.063900581,0.423571284,0.175221013,0.0074303,0,0,,,,,,,,,
123,7.719,38.27867261,10.22003976,0.046700581,0.421571284,0.173221013,0.0054303,0,0,,,,,,,,,
124,7.782,38.46027261,10.33803976,0.063900581,0.423571284,0.175221013,0.0074303,0,0,,,,,,,,,
125,7.844,38.27867261,10.22003976,0.046700581,0.421571284,0.173221013,0.0054303,0,0,,,,,,,,,
126,7.907,38.46027261,10.33803976,0.063900581,0.423571284,0.175221013,0.0074303,0,0,,,,,,,,,
127,7.969,35.07769834,10.22003976,0.046700581,0.386318264,0.173221013,0.0054303,0,0,,,,,,,,,
128,8.032,25.6450013,10.33803976,0.063900581,0.282433935,0.175221013,0.0074303,0,0,,,,,,,,,
129,8.094,15.76027261,10.22003976,0.046700581,0.173571284,0.173221013,0.0054303,0,0,,,,,,,,,
130,8.157,15.57867261,5.56760441,0.063900581,0.171571284,0.094366176,0.0074303,0,0,,,,,,,,,
131,8.219,15.76027261,-13.46021767,-4.97721827,0.173571284,-0.074778987,-0.21000921,1,2,303.3086,434.0429,464.7194,303.3086,434.0429,532.9701,303.3086,434.0429,464.7194
132,8.282,4.319472607,-36.14021767,-7.96341827,0.047571284,-0.200778987,-0.33600921,0,0,,,,,,,,,
133,8.344,4.501072607,-35.78021767,-7.91601827,0.049571284,-0.198778987,-0.33400921,0,0,,,,,,,,,
134,8.407,4.319472607,-36.14021767,-7.96341827,0.047571284,-0.200778987,-0.33600921,0,0,,,,,,,,,
135,8.469,4.501072607,-35.78021767,-7.91601827,0.049571284,-0.198778987,-0.33400921,0,0,,,,,,,,,
136,8.532,4.319472607,-36.14021767,-7.96341827,0.047571284,-0.200778987,-0.33600921,0,0,,,,,,,,,
137,8.594,4.501072607,-35.78021767,-7.91601827,0.049571284,-0.198778987,-0.33400921,0,0,,,,,,,,,
138,8.657,4.319472607,-36.14021767,-7.442902421,0.047571284,-0.200778987,-0.314046516,0,0,,,,,,,,,
139,8.719,4.501072607,-31.73038449,-6.617866988,0.049571284,-0.176279914,-0.279234894,0,0,,,,,,,,,
140,8.782,4.319472607,-23.53266335,-5.862418239,0.047571284,-0.130737019,-0.247359419,0,0,,,,,,,,,
141,8.844,4.501072607,-16.68300488,-5.194295577,0.049571284,-0.09268336,-0.21916859,0,0,,,,,,,,,
142,8.907,4.319472607,-9.628258884,-4.661790164,0.047571284,-0.053490327,-0.196700007,1,2,303.3086,434.0429,464.7194,287.2782,481.9229,491.32,287.2782,481.9229,517.2454
143,8.969,4.501072607,-2.919708717,-4.237652366,0.049571284,-0.016220604,-0.178803897,1,2,303.3086,434.0429,464.7194,259.2141,481.1629,493.1779,259.2141,481.1629,533.006
144,9.032,4.319472607,1.385710763,-3.740859093,0.047571284,0.023486623,-0.157842156,1,2,303.3086,434.0429,464.7194,241.2031,481.9229,536.6004,241.2031,481.9229,499.0697
145,9.094,4.501072607,2.904039764,-3.145356603,0.049571284,0.049221013,-0.132715469,1,2,303.3086,434.0429,464.7194,234.8514,481.1629,500.76,234.8514,481.1629,534.7306
146,9.157,4.319472607,3.022039764,-2.608051442,0.047571284,0.051221013,-0.110044365,1,2,303.3086,434.0429,464.7194,234.3578,481.9229,530.6059,234.3578,481.9229,500.7727
147,9.219,4.501072607,2.904039764,-2.150341588,0.049571284,0.049221013,-0.090731713,1,2,303.3086,434.0429,464.7194,234.8514,481.1629,527.3518,234.8514,481.1629,499.8217
148,9.282,4.319472607,3.022039764,-1.99101827,0.047571284,0.051221013,-0.08400921,1,2,303.3086,434.0429,464.7194,234.3578,481.9229,500.3231,234.3578,481.9229,525.8961
149,9.344,4.501072607,2.904039764,-2.03841827,0.049571284,0.049221013,-0.08600921,1,2,303.3086,434.0429,464.7194,234.8514,481.1629,499.7652,234.8514,481.1629,526.4726
150,9.407,4.319472607,3.022039764,-1.99101827,0.047571284,0.051221013,-0.08400921,1,2,303.3086,434.0429,464.7194,234.3578,481.9229,500.3231,234.3578,481.9229,525.8961
151,9.469,5.03652422,2.904039764,-2.03841827,0.055468328,0.049221013,-0.08600921,1,2,303.3086,434.0429,464.7194,234.8514,478.922,527.3402,234.8514,478.922,498.8838
152,9.532,13.27238087,3.022039764,-1.99101827,0.146171595,0.051221013,-0.08400921,1,2,303.3086,434.0429,464.7194,234.3578,444.4548,536.4077,234.3578,444.4548,489.4058
153,9.594,21.78986411,2.904039764,-2.03841827,0.239976477,0.049221013,-0.08600921,1,2,303.3086,434.0429,464.7194,234.8514,408.8089,482.0271,234.8514,408.8089,543.0297
154,9.657,27.20107261,3.022039764,-1.99101827,0.299571284,0.051221013,-0.08400921,1,2,303.3086,434.0429,464.7194,234.3578,386.1629,545.6645,234.3578,386.1629,478.7418
155,9.719,27.01947261,2.904039764,-2.03841827,0.297571284,0.049221013,-0.08600921,1,2,303.3086,434.0429,464.7194,234.8514,386.9229,545.9914,234.8514,386.9229,478.4192
156,9.782,27.20107261,3.022039764,-1.99101827,0.299571284,0.051221013,-0.08400921,1,2,303.3086,434.0429,464.7194,234.3578,386.1629,545.6645,234.3578,386.1629,478.7418
157,9.844,27.01947261,2.904039764,-2.03841827,0.297571284,0.049221013,-0.08600921,1,2,303.3086,434.0429,464.7194,234.8514,386.9229,545.9914,234.8514,386.9229,478.4192
158,9.907,27.20107261,3.022039764,-1.99101827,0.299571284,0.051221013,-0.08400921,1,2,303.3086,434.0429,464.7194,234.3578,386.1629,545.6645,234.3578,386.1629,478.7418
159,9.969,27.01947261,2.904039764,-2.03841827,0.297571284,0.049221013,-0.08600921,1,2,303.3086,434.0429,464.7194,234.8514,386.9229,545.9914,234.8514,386.9229,478.4192
160,10.032,27.20107261,3.022039764,-1.99101827,0.299571284,0.051221013,-0.08400921,1,2,303.3086,434.0429,464.7194,234.3578,386.1629,545.6645,234.3578,386.1629,478.7418
161,10.094,27.01947261,2.904039764,-2.03841827,0.297571284,0.049221013,-0.08600921,1,2,303.3086,434.0429,464.7194,234.8514,386.9229,545.9914,234.8514,386.9229,478.4192
162,10.157,27.20107261,3.022039764,-1.99101827,0.299571284,0.051221013,-0.08400921,1,2,303.3086,434.0429,464.7194,234.3578,386.1629,545.6645,234.3578,386.1629,478.7418
163,10.219,27.01947261,2.904039764,-2.03841827,0.297571284,0.049221013,-0.08600921,1,2,303.3086,434.0429,464.7194,234.8514,386.9229,545.9914,234.8514,386.9229,478.4192
164,10.282,27.20107261,3.022039764,-1.99101827,0.299571284,0.051221013,-0.08400921,1,2,303.3086,434.0429,464.7194,234.3578,386.1629,545.6645,234.3578,386.1629,478.7418
165,10.344,27.01947261,2.904039764,-2.03841827,0.297571284,0.049221013,-0.08600921,1,2,303.3086,434.0429,464.7194,234.8514,386.9229,545.9914,234.8514,386.9229,478.4192
166,10.407,27.20107261,3.022039764,-1.99101827,0.299571284,0.051221013,-0.08400921,1,2,303.3086,434.0429,464.7194,234.3578,386.1629,545.6645,234.3578,386.1629,478.7418
167,10.469,27.01947261,2.904039764,-2.03841827,0.297571284,0.049221013,-0.08600921,1,2,303.3086,434.0429,464.7194,234.8514,386.9229,545.9914,234.8514,386.9229,478.4192
168,10.532,27.20107261,3.022039764,-1.99101827,0.299571284,0.051221013,-0.08400921,1,2,303.3086,434.0429,464.7194,234.3578,386.1629,545.6645,234.3578,386.1629,478.7418
169,10.594,27.01947261,2.904039764,-2.03841827,0.297571284,0.049221013,-0.08600921,1,2,303.3086,434.0429,464.7194,234.8514,386.9229,545.9914,234.8514,386.9229,478.4192
170,10.657,27.20107261,3.022039764,-1.99101827,0.299571284,0.051221013,-0.08400921,1,2,303.3086,434.0429,464.7194,234.3578,386.1629,545.6645,234.3578,386.1629,478.7418
171,10.719,27.01947261,2.904039764,-2.03841827,0.297571284,0.049221013,-0.08600921,1,2,303.3086,434.0429,464.7194,234.8514,386.9229,545.9914,234.8514,386.9229,478.4192
172,10.782,20.17195952,3.022039764,-1.99101827,0.222158145,0.051221013,-0.08400921,1,2,303.3086,434.0429,464.7194,234.3578,415.5799,541.6087,234.3578,415.5799,483.6226
173,10.844,6.277285884,2.904039764,-2.03841827,0.069133104,0.049221013,-0.08600921,1,2,303.3086,434.0429,464.7194,234.8514,473.7294,497.0245,234.8514,473.7294,529.162
174,10.907,4.319472607,3.022039764,-1.99101827,0.047571284,0.051221013,-0.08400921,1,2,303.3086,434.0429,464.7194,234.3578,481.9229,500.3231,234.3578,481.9229,525.8961
175,10.969,4.501072607,2.904039764,-2.03841827,0.049571284,0.049221013,-0.08600921,1,2,303.3086,434.0429,464.7194,234.8514,481.1629,499.7652,234.8514,481.1629,526.4726
176,11.032,4.319472607,3.022039764,-1.99101827,0.047571284,0.051221013,-0.08400921,1,2,303.3086,434.0429,464.7194,234.3578,481.9229,500.3231,234.3578,481.9229,525.8961
177,11.094,4.501072607,2.904039764,-2.03841827,0.049571284,0.049221013,-0.08600921,1,2,303.3086,434.0429,464.7194,234.8514,481.1629,499.7652,234.8514,481.1629,526.4726
178,11.157,4.319472607,3.022039764,-1.99101827,0.047571284,0.051221013,-0.08400921,1,2,303.3086,434.0429,464.7194,234.3578,481.9229,500.3231,234.3578,481.9229,525.8961
179,11.219,4.501072607,2.904039764,-2.182633875,0.049571284,0.049221013,-0.092094256,1,2,303.3086,434.0429,464.7194,234.8514,481.1629,499.8402,234.8514,481.1629,527.6032
180,11.282,4.319472607,3.022039764,-2.365101727,0.047571284,0.051221013,-0.099793322,1,2,303.3086,434.0429,464.7194,234.3578,481.9229,528.7904,234.3578,481.9229,500.5568
181,11.344,4.501072607,2.904039764,-2.402427916,0.049571284,0.049221013,-0.101368266,1,2,303.3086,434.0429,464.7194,234.8514,481.1629,529.2894,234.8514,481.1629,499.9914
182,11.407,4.319472607,3.022039764,-2.088217046,0.047571284,0.051221013,-0.088110424,1,2,303.3086,434.0429,464.7194,234.3578,481.9229,500.3707,234.3578,481.9229,526.6612
183,11.469,4.501072607,2.904039764,-2.03841827,0.049571284,0.049221013,-0.08600921,1,2,303.3086,434.0429,464.7194,234.8514,481.1629,499.7652,234.8514,481.1629,526.4726
184,11.532,4.319472607,3.022039764,-1.99101827,0.047571284,0.051221013,-0.08400921,1,2,303.3086,434.0429,464.7194,234.3578,481.9229,500.3231,234.3578,481.9229,525.8961
185,11.594,5.484520437,2.904039764,-2.03841827,0.060402207,0.049221013,-0.08600921,1,2,303.3086,434.0429,464.7194,234.8514,477.0472,528.0254,234.8514,477.0472,498.186
186,11.657,10.84058424,3.022039764,-1.99101827,0.119389694,0.051221013,-0.08400921,1,2,303.3086,434.0429,464.7194,234.3578,454.6319,491.8151,234.3578,454.6319,534.1482
187,11.719,16.3868835,2.904039764,-2.03841827,0.180472285,0.049221013,-0.08600921,1,2,303.3086,434.0429,464.7194,234.8514,431.4205,539.3041,234.8514,431.4205,486.2827
188,11.782,21.6467819,3.022039764,-1.99101827,0.238400682,0.051221013,-0.08400921,1,2,303.3086,434.0429,464.7194,234.3578,409.4077,482.5301,234.3578,409.4077,542.547
189,11.86,28.61739405,4.792039764,-1.28001827,0.315169538,0.081221013,-0.05400921,1,2,303.3086,434.0429,464.7194,226.9533,380.2356,538.8926,226.9533,380.2356,485.6911
190,11.922,27.01947261,2.904039764,-2.03841827,0.297571284,0.049221013,-0.08600921,1,2,303.3086,434.0429,464.7194,234.8514,386.9229,545.9914,234.8514,386.9229,478.4192
191,11.969,24.29547261,1.134039764,-2.74941827,0.267571284,0.019221013,-0.11600921,1,2,303.3086,434.0429,464.7194,242.2559,398.3229,474.6559,242.2559,398.3229,549.929
192,12.047,29.92507261,4.792039764,-1.28001827,0.329571284,0.081221013,-0.05400921,1,2,303.3086,434.0429,464.7194,226.9533,374.7629,485.0362,226.9533,374.7629,539.4276
193,12.11,27.20107261,3.022039764,-1.99101827,0.299571284,0.051221013,-0.08400921,1,2,303.3086,434.0429,464.7194,234.3578,386.1629,545.6645,234.3578,386.1629,478.7418
194,12.172,27.01947261,2.904039764,-2.03841827,0.297571284,0.049221013,-0.08600921,1,2,303.3086,434.0429,464.7194,234.8514,386.9229,545.9914,234.8514,386.9229,478.4192
195,12.235,27.20107261,3.022039764,-1.99101827,0.299571284,0.051221013,-0.08400921,1,2,303.3086,434.0429,464.7194,234.3578,386.1629,545.6645,234.3578,386.1629,478.7418
196,12.297,27.01947261,2.904039764,-2.03841827,0.297571284,0.049221013,-0.08600921,1,2,303.3086,434.0429,464.7194,234.8514,386.9229,545.9914,234.8514,386.9229,478.4192
197,12.36,27.20107261,3.022039764,-1.99101827,0.299571284,0.051221013,-0.08400921,1,2,303.3086,434.0429,464.7194,234.3578,386.1629,545.6645,234.3578,386.1629,478.7418
198,12.422,27.01947261,2.904039764,-2.03841827,0.297571284,0.049221013,-0.08600921,1,2,303.3086,434.0429,464.7194,234.8514,386.9229,545.9914,234.8514,386.9229,478.4192
199,12.485,27.20107261,3.022039764,-1.99101827,0.299571284,0.051221013,-0.08400921,1,2,303.3086,434.0429,464.7194,234.3578,386.1629,545.6645,234.3578,386.1629,478.7418
200,12.547,27.01947261,2.904039764,-2.03841827,0.297571284,0.049221013,-0.08600921,1,2,303.3086,434.0429,464.7194,234.8514,386.9229,545.9914,234.8514,386.9229,478.4192
201,12.61,27.20107261,3.022039764,-1.99101827,0.299571284,0.051221013,-0.08400921,1,2,303.3086,434.0429,464.7194,234.3578,386.1629,545.6645,234.3578,386.1629,478.7418
202,12.672,27.01947261,2.904039764,-2.03841827,0.297571284,0.049221013,-0.08600921,1,2,303.3086,434.0429,464.7194,234.8514,386.9229,545.9914,234.8514,386.9229,478.4192
203,12.735,27.20107261,3.022039764,-1.99101827,0.299571284,0.051221013,-0.08400921,1,2,303.3086,434.0429,464.7194,234.3578,386.1629,545.6645,234.3578,386.1629,478.7418
204,12.797,27.01947261,2.904039764,-2.03841827,0.297571284,0.049221013,-0.08600921,1,2,303.3086,434.0429,464.7194,234.8514,386.9229,545.9914,234.8514,386.9229,478.4192
205,12.86,27.20107261,3.022039764,-1.99101827,0.299571284,0.051221013,-0.08400921,1,2,303.3086,434.0429,464.7194,234.3578,386.1629,545.6645,234.3578,386.1629,478.7418
206,12.922,27.01947261,2.904039764,-2.03841827,0.297571284,0.049221013,-0.08600921,1,2,303.3086,434.0429,464.7194,234.8514,386.9229,545.9914,234.8514,386.9229,478.4192
207,12.985,26.36220097,3.022039764,-1.99101827,0.29033261,0.051221013,-0.08400921,1,2,303.3086,434.0429,464.7194,234.3578,389.6736,479.2846,234.3578,389.6736,545.232
208,13.047,17.19678655,2.904039764,-2.03841827,0.189391922,0.049221013,-0.08600921,1,2,303.3086,434.0429,464.7194,234.8514,428.0311,485.6022,234.8514,428.0311,539.9143
209,13.11,14.00793885,3.022039764,-1.99101827,0.154272454,0.051221013,-0.08400921,1,2,303.3086,434.0429,464.7194,234.3578,441.3765,488.7236,234.3578,441.3765,537.0389
210,13.172,11.64340522,2.904039764,-2.03841827,0.128231335,0.049221013,-0.08600921,1,2,303.3086,434.0429,464.7194,234.8514,451.2721,535.2538,234.8514,451.2721,490.679
211,13.235,9.872408125,3.022039764,-1.99101827,0.108726962,0.051221013,-0.08400921,1,2,303.3086,434.0429,464.7194,234.3578,458.6838,492.8532,234.3578,458.6838,533.1616
212,13.297,8.527625045,2.904039764,-2.03841827,0.093916575,0.049221013,-0.08600921,1,2,303.3086,434.0429,464.7194,234.8514,464.3117,531.9913,234.8514,464.3117,494.1068
213,13.36,7.385341444,3.022039764,-1.99101827,0.08133636,0.051221013,-0.08400921,1,2,303.3086,434.0429,464.7194,234.3578,469.0922,495.7994,234.3578,469.0922,530.3261
214,13.422,6.607379045,2.904039764,-2.03841827,0.072768492,0.049221013,-0.08600921,1,2,303.3086,434.0429,464.7194,234.8514,472.348,496.5646,234.8514,472.348,529.6105
215,13.485,6.097545553,3.022039764,-1.99101827,0.067153585,0.051221013,-0.08400921,1,2,303.3086,434.0429,464.7194,234.3578,474.4816,528.6306,234.3578,474.4816,497.54
216,13.547,5.790927081,2.904039764,-2.03841827,0.06377673,0.049221013,-0.08600921,1,2,303.3086,434.0429,464.7194,234.8514,475.7648,497.7268,234.8514,475.7648,528.4754
217,13.61,5.57028782,3.022039764,-1.99101827,0.061346782,0.051221013,-0.08400921,1,2,303.3086,434.0429,464.7194,234.3578,476.6882,498.3111,234.3578,476.6882,527.8756
218,13.672,5.903264116,2.904039764,-2.03841827,0.065013922,0.049221013,-0.08600921,1,2,303.3086,434.0429,464.7194,234.8514,475.2947,528.6369,234.8514,475.2947,497.5618
219,13.735,6.982475102,3.022039764,-1.99101827,0.076899506,0.051221013,-0.08400921,1,2,303.3086,434.0429,464.7194,234.3578,470.7782,496.3247,234.3578,470.7782,529.8158
220,13.797,7.978423542,2.904039764,-2.03841827,0.087868101,0.049221013,-0.08600921,1,2,303.3086,434.0429,464.7194,234.8514,466.6101,494.7764,234.8514,466.6101,531.3456
221,13.86,9.764573854,3.022039764,-1.99101827,0.10753936,0.051221013,-0.08400921,1,2,303.3086,434.0429,464.7194,234.3578,459.135,533.0482,234.3578,459.135,492.9721
222,13.922,12.01736558,2.904039764,-2.03841827,0.132349841,0.049221013,-0.08600921,1,2,303.3086,434.0429,464.7194,234.8514,449.7071,490.3018,234.8514,449.7071,535.6078
223,13.985,15.08654347,3.022039764,-1.99101827,0.16615136,0.051221013,-0.08400921,1,2,303.3086,434.0429,464.7194,234.3578,436.8625,487.7564,234.3578,436.8625,537.9265
224,14.047,18.36927025,2.904039764,-2.03841827,0.202304738,0.049221013,-0.08600921,1,2,303.3086,434.0429,464.7194,234.8514,423.1242,484.646,234.8514,423.1242,540.763
225,14.11,22.5594471,3.022039764,-1.99101827,0.248452061,0.051221013,-0.08400921,1,2,303.3086,434.0429,464.7194,234.3578,405.5882,543.1027,234.3578,405.5882,481.874
226,14.172,26.28940485,2.904039764,-2.03841827,0.28953089,0.049221013,-0.08600921,1,2,303.3086,434.0429,464.7194,234.8514,389.9783,478.8983,234.8514,389.9783,545.6102
227,14.25,29.92507261,4.792039764,-1.28001827,0.329571284,0.081221013,-0.05400921,1,2,303.3086,434.0429,464.7194,226.9533,374.7629,539.4276,226.9533,374.7629,485.0362
228,14.313,27.20107261,3.022039764,-1.99101827,0.299571284,0.051221013,-0.08400921,1,2,303.3086,434.0429,464.7194,234.3578,386.1629,545.6645,234.3578,386.1629,478.7418
229,14.375,27.01947261,2.904039764,-2.03841827,0.297571284,0.049221013,-0.08600921,1,2,303.3086,434.0429,464.7194,234.8514,386.9229,545.9914,234.8514,386.9229,478.4192
230,14.438,27.20107261,3.022039764,-1.99101827,0.299571284,0.051221013,-0.08400921,1,2,303.3086,434.0429,464.7194,234.3578,386.1629,545.6645,234.3578,386.1629,478.7418
231,14.5,27.01947261,2.904039764,-2.03841827,0.297571284,0.049221013,-0.08600921,1,2,303.3086,434.0429,464.7194,234.8514,386.9229,545.9914,234.8514,386.9229,478.4192
232,14.563,27.20107261,3.022039764,-1.99101827,0.299571284,0.051221013,-0.08400921,1,2,303.3086,434.0429,464.7194,234.3578,386.1629,545.6645,234.3578,386.1629,478.7418
233,14.625,27.01947261,2.904039764,-2.03841827,0.297571284,0.049221013,-0.08600921,1,2,303.3086,434.0429,464.7194,234.8514,386.9229,545.9914,234.8514,386.9229,478.4192
234,14.688,27.20107261,3.022039764,-1.99101827,0.299571284,0.051221013,-0.08400921,1,2,303.3086,434.0429,464.7194,234.3578,386.1629,545.6645,234.3578,386.1629,478.7418
235,14.75,27.01947261,2.904039764,-2.03841827,0.297571284,0.049221013,-0.08600921,1,2,303.3086,434.0429,464.7194,234.8514,386.9229,545.9914,234.8514,386.9229,478.4192
236,14.813,16.25486855,3.022039764,-1.99101827,0.179018376,0.051221013,-0.08400921,1,2,303.3086,434.0429,464.7194,234.3578,431.973,486.7486,234.3578,431.973,538.8415
237,14.875,4.501072607,2.904039764,-2.03841827,0.049571284,0.049221013,-0.08600921,1,2,303.3086,434.0429,464.7194,234.8514,481.1629,499.7652,234.8514,481.1629,526.4726
238,14.938,4.319472607,3.022039764,-1.99101827,0.047571284,0.051221013,-0.08400921,1,2,303.3086,434.0429,464.7194,234.3578,481.9229,500.3231,234.3578,481.9229,525.8961
239,15,4.501072607,2.904039764,-2.03841827,0.049571284,0.049221013,-0.08600921,1,2,303.3086,434.0429,464.7194,234.8514,481.1629,499.7652,234.8514,481.1629,526.4726
240,15.063,4.319472607,3.022039764,-1.99101827,0.047571284,0.051221013,-0.08400921,1,2,303.3086,434.0429,464.7194,234.3578,481.9229,500.3231,234.3578,481.9229,525.8961
241,15.125,4.501072607,2.904039764,-2.03841827,0.049571284,0.049221013,-0.08600921,1,2,303.3086,434.0429,464.7194,234.8514,481.1629,499.7652,234.8514,481.1629,526.4726
242,15.188,4.319472607,3.022039764,-1.99101827,0.047571284,0.051221013,-0.08400921,1,2,303.3086,434.0429,464.7194,234.3578,481.9229,500.3231,234.3578,481.9229,525.8961
243,15.25,4.501072607,2.904039764,-2.03841827,0.049571284,0.049221013,-0.08600921,1,2,303.3086,434.0429,464.7194,234.8514,481.1629,499.7652,234.8514,481.1629,526.4726
244,15.313,4.319472607,3.022039764,-1.99101827,0.047571284,0.051221013,-0.08400921,1,2,303.3086,434.0429,464.7194,234.3578,481.9229,500.3231,234.3578,481.9229,525.8961
245,15.375,4.501072607,2.904039764,-2.03841827,0.049571284,0.049221013,-0.08600921,1,2,303.3086,434.0429,464.7194,234.8514,481.1629,499.7652,234.8514,481.1629,526.4726
246,15.438,4.319472607,3.022039764,-1.99101827,0.047571284,0.051221013,-0.08400921,1,2,303.3086,434.0429,464.7194,234.3578,481.9229,500.3231,234.3578,481.9229,525.8961
247,15.5,4.501072607,2.904039764,-2.03841827,0.049571284,0.049221013,-0.08600921,1,2,303.3086,434.0429,464.7194,234.8514,481.1629,499.7652,234.8514,481.1629,526.4726
248,15.579,1.413872607,4.910039764,-1.23261827,0.015571284,0.083221013,-0.05200921,0,0,,,,,,,,,
249,15.641,4.501072607,2.904039764,-2.03841827,0.049571284,0.049221013,-0.08600921,1,2,303.3086,434.0429,464.7194,234.8514,481.1629,499.7652,234.8514,481.1629,526.4726
250,15.704,4.319472607,3.022039764,-1.99101827,0.047571284,0.051221013,-0.08400921,1,2,303.3086,434.0429,464.7194,234.3578,481.9229,500.3231,234.3578,481.9229,525.8961
251,15.766,4.501072607,2.904039764,-2.03841827,0.049571284,0.049221013,-0.08600921,1,2,303.3086,434.0429,464.7194,234.8514,481.1629,499.7652,234.8514,481.1629,526.4726
252,15.829,4.319472607,3.022039764,-1.99101827,0.047571284,0.051221013,-0.08400921,1,2,303.3086,434.0429,464.7194,234.3578,481.9229,500.3231,234.3578,481.9229,525.8961
253,15.891,4.501072607,2.904039764,-2.03841827,0.049571284,0.049221013,-0.08600921,1,2,303.3086,434.0429,464.7194,234.8514,481.1629,499.7652,234.8514,481.1629,526.4726
254,15.954,4.319472607,3.022039764,-1.99101827,0.047571284,0.051221013,-0.08400921,1,2,303.3086,434.0429,464.7194,234.3578,481.9229,500.3231,234.3578,481.9229,525.8961
255,16.016,4.501072607,2.904039764,-2.03841827,0.049571284,0.049221013,-0.08600921,1,2,303.3086,434.0429,464.7194,234.8514,481.1629,499.7652,234.8514,481.1629,526.4726
256,16.079,4.319472607,3.022039764,-1.99101827,0.047571284,0.051221013,-0.08400921,1,2,303.3086,434.0429,464.7194,234.3578,481.9229,500.3231,234.3578,481.9229,525.8961
257,16.141,4.501072607,2.904039764,-2.03841827,0.049571284,0.049221013,-0.08600921,1,2,303.3086,434.0429,464.7194,234.8514,481.1629,499.7652,234.8514,481.1629,526.4726
258,16.204,4.319472607,3.022039764,-1.99101827,0.047571284,0.051221013,-0.08400921,1,2,303.3086,434.0429,464.7194,234.3578,481.9229,500.3231,234.3578,481.9229,525.8961
259,16.266,4.501072607,2.904039764,-2.03841827,0.049571284,0.049221013,-0.08600921,1,2,303.3086,434.0429,464.7194,234.8514,481.1629,499.7652,234.8514,481.1629,526.4726
260,16.329,4.319472607,3.022039764,-1.99101827,0.047571284,0.051221013,-0.08400921,1,2,303.3086,434.0429,464.7194,234.3578,481.9229,500.3231,234.3578,481.9229,525.8961
261,16.391,4.501072607,2.904039764,-2.03841827,0.049571284,0.049221013,-0.08600921,1,2,303.3086,434.0429,464.7194,234.8514,481.1629,499.7652,234.8514,481.1629,526.4726
262,16.454,4.319472607,3.022039764,-1.99101827,0.047571284,0.051221013,-0.08400921,1,2,303.3086,434.0429,464.7194,234.3578,481.9229,500.3231,234.3578,481.9229,525.8961
263,16.516,4.501072607,2.904039764,-2.03841827,0.049571284,0.049221013,-0.08600921,1,2,303.3086,434.0429,464.7194,234.8514,481.1629,499.7652,234.8514,481.1629,526.4726
264,16.579,4.319472607,3.022039764,-1.99101827,0.047571284,0.051221013,-0.08400921,1,2,303.3086,434.0429,464.7194,234.3578,481.9229,500.3231,234.3578,481.9229,525.8961
265,16.641,4.501072607,2.904039764,-2.03841827,0.049571284,0.049221013,-0.08600921,1,2,303.3086,434.0429,464.7194,234.8514,481.1629,499.7652,234.8514,481.1629,526.4726
266,16.704,4.319472607,3.022039764,-1.99101827,0.047571284,0.051221013,-0.08400921,1,2,303.3086,434.0429,464.7194,234.3578,481.9229,500.3231,234.3578,481.9229,525.8961
267,16.766,4.501072607,2.904039764,-2.03841827,0.049571284,0.049221013,-0.08600921,1,2,303.3086,434.0429,464.7194,234.8514,481.1629,499.7652,234.8514,481.1629,526.4726
268,16.829,4.319472607,3.022039764,-1.99101827,0.047571284,0.051221013,-0.08400921,1,2,303.3086,434.0429,464.7194,234.3578,481.9229,500.3231,234.3578,481.9229,525.8961
269,16.891,4.501072607,2.904039764,-2.03841827,0.049571284,0.049221013,-0.08600921,1,2,303.3086,434.0429,464.7194,234.8514,481.1629,499.7652,234.8514,481.1629,526.4726
270,16.954,4.319472607,3.022039764,-1.99101827,0.047571284,0.051221013,-0.08400921,1,2,303.3086,434.0429,464.7194,234.3578,481.9229,500.3231,234.3578,481.9229,525.8961
271,17.016,4.501072607,2.904039764,-2.03841827,0.049571284,0.049221013,-0.08600921,1,2,303.3086,434.0429,464.7194,234.8514,481.1629,499.7652,234.8514,481.1629,526.4726
272,17.079,4.319472607,3.022039764,-1.99101827,0.047571284,0.051221013,-0.08400921,1,2,303.3086,434.0429,464.7194,234.3578,481.9229,500.3231,234.3578,481.9229,525.8961
273,17.141,4.501072607,1.702684943,-2.03841827,0.049571284,0.028859067,-0.08600921,1,2,303.3086,434.0429,464.7194,239.8771,481.1629,525.18,239.8771,481.1629,497.2557
274,17.204,4.319472607,-6.348874077,-2.609847245,0.047571284,-0.035271523,-0.110120137,1,2,303.3086,434.0429,464.7194,273.5595,481.9229,489.5126,273.5595,481.9229,512.2336
275,17.266,4.501072607,-14.67276642,-3.301973558,0.049571284,-0.081515369,-0.139323779,0,0,,,,,,,,,
276,17.329,4.319472607,-19.7990053,-3.660617769,0.047571284,-0.109994474,-0.154456446,0,0,,,,,,,,,
277,17.391,4.501072607,-24.630717,-4.056894327,0.049571284,-0.136837317,-0.171176976,0,0,,,,,,,,,
278,17.454,4.319472607,-28.47622726,-4.375323355,0.047571284,-0.158201263,-0.1846128,0,0,,,,,,,,,
279,17.516,4.501072607,-28.09500625,-4.182623285,0.049571284,-0.156083368,-0.176481995,0,0,,,,,,,,,
280,17.579,4.319472607,-26.55984744,-3.869644837,0.047571284,-0.147554708,-0.163276153,0,0,,,,,,,,,
281,17.657,1.595472607,-26.12780406,-3.7093733,0.017571284,-0.145154467,-0.156513641,0,0,,,,,,,,,
282,17.719,4.501072607,-25.45112596,-3.558987841,0.049571284,-0.141395144,-0.150168263,0,0,,,,,,,,,
283,17.782,4.319472607,-24.48301307,-3.383515722,0.047571284,-0.136016739,-0.142764376,0,0,,,,,,,,,
284,17.844,4.501072607,-18.6287499,-3.16277631,0.049571284,-0.103493055,-0.133450477,0,0,,,,,,,,,
285,17.907,4.319472607,-14.27202412,-3.011237297,0.047571284,-0.079289023,-0.127056426,0,0,,,,,,,,,
286,17.969,4.501072607,-17.73771743,-3.209819998,0.049571284,-0.098542875,-0.135435443,0,0,,,,,,,,,
287,18.032,4.319472607,-23.3469652,-3.746505697,0.047571284,-0.129705362,-0.158080409,0,0,,,,,,,,,
288,18.094,4.501072607,-27.51610155,-4.142341708,0.049571284,-0.152867231,-0.174782351,0,0,,,,,,,,,
289,18.157,4.319472607,-26.97635919,-3.951362557,0.047571284,-0.149868662,-0.166724159,0,0,,,,,,,,,
290,18.219,4.501072607,-25.76977558,-3.701550275,0.049571284,-0.14316542,-0.156183556,0,0,,,,,,,,,
291,18.282,4.319472607,-24.7292604,-3.493317707,0.047571284,-0.13738478,-0.147397372,0,0,,,,,,,,,
292,18.344,4.501072607,-23.6599891,-3.298506426,0.049571284,-0.131444384,-0.139177486,0,0,,,,,,,,,
293,18.407,4.319472607,-24.73664449,-3.397952795,0.047571284,-0.137425803,-0.143373536,0,0,,,,,,,,,
294,18.469,4.501072607,-23.94519961,-3.261654326,0.049571284,-0.133028887,-0.137622545,0,0,,,,,,,,,
295,18.532,4.319472607,-23.67273409,-3.200644552,0.047571284,-0.131515189,-0.135048293,0,0,,,,,,,,,
296,18.594,4.501072607,-23.17265573,-3.115737702,0.049571284,-0.128736976,-0.131465726,0,0,,,,,,,,,
297,18.657,4.319472607,-26.02793957,-3.476752495,0.047571284,-0.144599664,-0.146698418,0,0,,,,,,,,,
298,18.719,4.501072607,-26.78874924,-3.565601745,0.049571284,-0.148826385,-0.150447331,0,0,,,,,,,,,
299,18.782,4.319472607,-28.54086867,-3.787428129,0.047571284,-0.158560382,-0.159807094,0,0,,,,,,,,,
300,18.844,4.501072607,-27.79606616,-3.682635709,0.049571284,-0.15442259,-0.155385473,0,0,,,,,,,,,
301,18.907,4.319472607,-27.71282952,-3.666407605,0.047571284,-0.153960164,-0.154700743,0,0,,,,,,,,,
